Workbook

Sheet ep+int
A1: NOMS ET PRENOMS | B1: EP AOUT | C1: EP AOUT+INT | D1: EP SEPT | E1: CUMUL1 | F1: EP +INT1 | G1: EP OCTO | H1: CUMUL2 | I1: EP +INT2 | J1: EP NOV | K1: CUMUL3 | L1: EP +INT3 | M1: EP DEC | N1: CUMUL4 | O1: EP+INT | P1: EP JANV | Q1: CUMUL5 | R1: EP+INT4 | S1: EP FEV | T1: CUMUL6 | U1: EP+INT5 | V1: EP MARS | W1: CUMUL7 | X1: EP+INT6 | Y1: EP AVRI | Z1: CUMUL8 | AA1: EP+INT7 | AB1: EP MAI | AC1: CUMUL9 | AD1: EP+INT8 | AE1: EP JUIN | AF1: CUMUL10 | AG1: EP+INT9 | AH1: EP JUILL | AI1: CUMUL11 | AJ1: EP+INT94 | AK1: EP TOTALE | AL1: INTERETS | AM1: N A P | AN1: Colonne1
A2: ABENG ZE Jean Claude | B2: 94000 | C2: =B2*(1+38000/4317300) -> 94827.369 | E2: =+D2+C2 -> 94827.369 | F2: =E2*(1+57680/5852300) -> 95761.983 | H2: =+F2+G2 -> 95761.983 | I2: =H2*(1+168480/7089080) -> 98037.875 | K2: =+I2+J2 -> 98037.875 | L2: =K2*(1+188880/9211560) -> 100048.11 | N2: =+L2+M2 -> 100048.11 | O2: =N2*(1+229880/10807440) -> 102176.19 | Q2: =+O2+P2 -> 102176.19 | R2: =Q2*(1+258720/12010320) -> 104377.21 | T2: =+R2+S2 -> 104377.21 | U2: =T2*(1+276600/13176040) -> 106568.37 | W2: =+U2+V2 -> 106568.37 | X2: =W2*(1+281720/15349640) -> 108524.27 | Z2: =+X2+Y2 -> 108524.27 | AA2: =Z2*(1+313600/16586360) -> 110576.15 | AC2: =+AA2+AB2 -> 110576.15 | AD2: =AC2*(1+321600/17662960) -> 112589.48 | AF2: =+AD2+AE2 -> 112589.48 | AG2: =AF2*(1+333320/18946560) -> 114570.22 | AI2: =+AG2+AH2 -> 114570.22 | AJ2: =AI2*(1+1/19279881) -> 114570.23 | AK2: =B2+D2+G2+J2+M2+P2+S2+V2+Y2+AB2+AE2+AH2 -> 94000 | AL2: =-AK2+AJ2 -> 20570.228 | AM2: =Tableau4[[#This Row],[EP TOTALE]]+Tableau4[[#This Row],[INTERETS]] -> 114570.23 | AN2: =Tableau4[[#This Row],[EP TOTALE]]*AK$40 -> 0
A3: BANGA NNA Israel | B3: 129000 | C3: =B3*(1+38000/4317300) -> 130135.43 | E3: =+D3+C3 -> 130135.43 | F3: =E3*(1+57680/5852300) -> 131418.04 | G3: 100000 | H3: =+F3+G3 -> 231418.04 | I3: =H3*(1+168480/7089080) -> 236917.95 | J3: 100000 | K3: =+I3+J3 -> 336917.95 | L3: =K3*(1+188880/9211560) -> 343826.34 | N3: =+L3+M3 -> 343826.34 | O3: =N3*(1+229880/10807440) -> 351139.71 | Q3: =+O3+P3 -> 351139.71 | R3: =Q3*(1+258720/12010320) -> 358703.78 | T3: =+R3+S3 -> 358703.78 | U3: =T3*(1+276600/13176040) -> 366233.92 | W3: =+U3+V3 -> 366233.92 | X3: =W3*(1+281720/15349640) -> 372955.61 | Z3: =+X3+Y3 -> 372955.61 | AA3: =Z3*(1+313600/16586360) -> 380007.12 | AC3: =+AA3+AB3 -> 380007.12 | AD3: =AC3*(1+321600/17662960) -> 386926.13 | AF3: =+AD3+AE3 -> 386926.13 | AG3: =AF3*(1+333320/18946560) -> 393733.18 | AI3: =+AG3+AH3 -> 393733.18 | AJ3: =AI3*(1+1/19279881) -> 393733.2 | AK3: =B3+D3+G3+J3+M3+P3+S3+V3+Y3+AB3+AE3+AH3 -> 329000 | AL3: =-AK3+AJ3 -> 64733.204 | AM3: =Tableau4[[#This Row],[EP TOTALE]]+Tableau4[[#This Row],[INTERETS]] -> 393733.2 | AN3: =Tableau4[[#This Row],[EP TOTALE]]*AK$40 -> 0
A4: BISSAI BI NOMBO Fabrice | B4: 107000 | C4: =B4*(1+38000/4317300) -> 107941.79 | D4: 56000 | E4: =+D4+C4 -> 163941.79 | F4: =E4*(1+57680/5852300) -> 165557.6 | G4: 7000 | H4: =+F4+G4 -> 172557.6 | I4: =H4*(1+168480/7089080) -> 176658.62 | J4: 7000 | K4: =+I4+J4 -> 183658.62 | L4: =K4*(1+188880/9211560) -> 187424.48 | M4: 7000 | N4: =+L4+M4 -> 194424.48 | O4: =N4*(1+229880/10807440) -> 198559.99 | P4: 7000 | Q4: =+O4+P4 -> 205559.99 | R4: =Q4*(1+258720/12010320) -> 209988.06 | S4: 7000 | T4: =+R4+S4 -> 216988.06 | U4: =T4*(1+276600/13176040) -> 221543.21 | V4: 7000 | W4: =+U4+V4 -> 228543.21 | X4: =W4*(1+281720/15349640) -> 232737.79 | Z4: =+X4+Y4 -> 232737.79 | AA4: =Z4*(1+313600/16586360) -> 237138.18 | AC4: =+AA4+AB4 -> 237138.18 | AD4: =AC4*(1+321600/17662960) -> 241455.9 | AE4: 8000 | AF4: =+AD4+AE4 -> 249455.9 | AG4: =AF4*(1+333320/18946560) -> 253844.49 | AI4: =+AG4+AH4 -> 253844.49 | AJ4: =AI4*(1+1/19279881) -> 253844.5 | AK4: =B4+D4+G4+J4+M4+P4+S4+V4+Y4+AB4+AE4+AH4 -> 213000 | AL4: =-AK4+AJ4 -> 40844.5 | AM4: =Tableau4[[#This Row],[EP TOTALE]]+Tableau4[[#This Row],[INTERETS]] -> 253844.5 | AN4: =Tableau4[[#This Row],[EP TOTALE]]*AK$40 -> 0
A5: BOMBA FOUDA Mathieu | B5: 94000 | C5: =B5*(1+38000/4317300) -> 94827.369 | E5: =+D5+C5 -> 94827.369 | F5: =E5*(1+57680/5852300) -> 95761.983 | H5: =+F5+G5 -> 95761.983 | I5: =H5*(1+168480/7089080) -> 98037.875 | K5: =+I5+J5 -> 98037.875 | L5: =K5*(1+188880/9211560) -> 100048.11 | N5: =+L5+M5 -> 100048.11 | O5: =N5*(1+229880/10807440) -> 102176.19 | Q5: =+O5+P5 -> 102176.19 | R5: =Q5*(1+258720/12010320) -> 104377.21 | T5: =+R5+S5 -> 104377.21 | U5: =T5*(1+276600/13176040) -> 106568.37 | W5: =+U5+V5 -> 106568.37 | X5: =W5*(1+281720/15349640) -> 108524.27 | Z5: =+X5+Y5 -> 108524.27 | AA5: =Z5*(1+313600/16586360) -> 110576.15 | AC5: =+AA5+AB5 -> 110576.15 | AD5: =AC5*(1+321600/17662960) -> 112589.48 | AE5: 8000 | AF5: =+AD5+AE5 -> 120589.48 | AG5: =AF5*(1+333320/18946560) -> 122710.96 | AI5: =+AG5+AH5 -> 122710.96 | AJ5: =AI5*(1+1/19279881) -> 122710.97 | AK5: =B5+D5+G5+J5+M5+P5+S5+V5+Y5+AB5+AE5+AH5 -> 102000 | AL5: =-AK5+AJ5 -> 20710.97 | AM5: =Tableau4[[#This Row],[EP TOTALE]]+Tableau4[[#This Row],[INTERETS]] -> 122710.97 | AN5: =Tableau4[[#This Row],[EP TOTALE]]*AK$40 -> 0
A6: EBOGO BIKOULA Gilbert | B6: 100000 | C6: =B6*(1+38000/4317300) -> 100880.18 | E6: =+D6+C6 -> 100880.18 | F6: =E6*(1+57680/5852300) -> 101874.45 | H6: =+F6+G6 -> 101874.45 | I6: =H6*(1+168480/7089080) -> 104295.61 | K6: =+I6+J6 -> 104295.61 | L6: =K6*(1+188880/9211560) -> 106434.16 | N6: =+L6+M6 -> 106434.16 | O6: =N6*(1+229880/10807440) -> 108698.07 | Q6: =+O6+P6 -> 108698.07 | R6: =Q6*(1+258720/12010320) -> 111039.59 | T6: =+R6+S6 -> 111039.59 | U6: =T6*(1+276600/13176040) -> 113370.6 | W6: =+U6+V6 -> 113370.6 | X6: =W6*(1+281720/15349640) -> 115451.35 | Z6: =+X6+Y6 -> 115451.35 | AA6: =Z6*(1+313600/16586360) -> 117634.2 | AC6: =+AA6+AB6 -> 117634.2 | AD6: =AC6*(1+321600/17662960) -> 119776.04 | AF6: =+AD6+AE6 -> 119776.04 | AG6: =AF6*(1+333320/18946560) -> 121883.21 | AI6: =+AG6+AH6 -> 121883.21 | AJ6: =AI6*(1+1/19279881) -> 121883.22 | AK6: =B6+D6+G6+J6+M6+P6+S6+V6+Y6+AB6+AE6+AH6 -> 100000 | AL6: =-AK6+AJ6 -> 21883.221 | AM6: =Tableau4[[#This Row],[EP TOTALE]]+Tableau4[[#This Row],[INTERETS]] -> 121883.22 | AN6: =Tableau4[[#This Row],[EP TOTALE]]*AK$40 -> 0
A7: ESSALA Etienne | B7: 160000 | C7: =B7*(1+38000/4317300) -> 161408.29 | E7: =+D7+C7 -> 161408.29 | F7: =E7*(1+57680/5852300) -> 162999.12 | H7: =+F7+G7 -> 162999.12 | I7: =H7*(1+168480/7089080) -> 166872.98 | J7: 40000 | K7: =+I7+J7 -> 206872.98 | L7: =K7*(1+188880/9211560) -> 211114.84 | N7: =+L7+M7 -> 211114.84 | O7: =N7*(1+229880/10807440) -> 215605.37 | P7: 10000 | Q7: =+O7+P7 -> 225605.37 | R7: =Q7*(1+258720/12010320) -> 230465.24 | S7: 50000 | T7: =+R7+S7 -> 280465.24 | U7: =T7*(1+276600/13176040) -> 286352.95 | V7: 35000 | W7: =+U7+V7 -> 321352.95 | X7: =W7*(1+281720/15349640) -> 327250.91 | Z7: =+X7+Y7 -> 327250.91 | AA7: =Z7*(1+313600/16586360) -> 333438.27 | AB7: 50000 | AC7: =+AA7+AB7 -> 383438.27 | AD7: =AC7*(1+321600/17662960) -> 390419.76 | AF7: =+AD7+AE7 -> 390419.76 | AG7: =AF7*(1+333320/18946560) -> 397288.27 | AI7: =+AG7+AH7 -> 397288.27 | AJ7: =AI7*(1+1/19279881) -> 397288.3 | AK7: =B7+D7+G7+J7+M7+P7+S7+V7+Y7+AB7+AE7+AH7 -> 345000 | AL7: =-AK7+AJ7 -> 52288.295 | AM7: =Tableau4[[#This Row],[EP TOTALE]]+Tableau4[[#This Row],[INTERETS]] -> 397288.3 | AN7: =Tableau4[[#This Row],[EP TOTALE]]*AK$40 -> 0
A8: ETOA Yves | B8: 100000 | C8: =B8*(1+38000/4317300) -> 100880.18 | E8: =+D8+C8 -> 100880.18 | F8: =E8*(1+57680/5852300) -> 101874.45 | G8: 176100 | H8: =+F8+G8 -> 277974.45 | I8: =H8*(1+168480/7089080) -> 284580.83 | J8: 1250000 | K8: =+I8+J8 -> 1534580.8 | L8: =K8*(1+188880/9211560) -> 1566046.9 | M8: 50000 | N8: =+L8+M8 -> 1616046.9 | O8: =N8*(1+229880/10807440) -> 1650421.1 | P8: 130000 | Q8: =+O8+P8 -> 1780421.1 | R8: =Q8*(1+258720/12010320) -> 1818774 | S8: 50000 | T8: =+R8+S8 -> 1868774 | U8: =T8*(1+276600/13176040) -> 1908004.5 | V8: 1250000 | W8: =+U8+V8 -> 3158004.5 | X8: =W8*(1+281720/15349640) -> 3215965 | Y8: 100000 | Z8: =+X8+Y8 -> 3315965 | AA8: =Z8*(1+313600/16586360) -> 3378660.3 | AB8: 100000 | AC8: =+AA8+AB8 -> 3478660.3 | AD8: =AC8*(1+321600/17662960) -> 3541998.3 | AE8: 150000 | AF8: =+AD8+AE8 -> 3691998.3 | AG8: =AF8*(1+333320/18946560) -> 3756950.3 | AI8: =+AG8+AH8 -> 3756950.3 | AJ8: =AI8*(1+1/19279881) -> 3756950.5 | AK8: =B8+D8+G8+J8+M8+P8+S8+V8+Y8+AB8+AE8+AH8 -> 3356100 | AL8: =-AK8+AJ8 -> 400850.52 | AM8: =Tableau4[[#This Row],[EP TOTALE]]+Tableau4[[#This Row],[INTERETS]] -> 3756950.5 | AN8: =Tableau4[[#This Row],[EP TOTALE]]*AK$40 -> 0
A9: EWALA Jacques Philippe | B9: 19000 | C9: =B9*(1+38000/4317300) -> 19167.234 | D9: 81000 | E9: =+D9+C9 -> 100167.23 | F9: =E9*(1+57680/5852300) -> 101154.48 | H9: =+F9+G9 -> 101154.48 | I9: =H9*(1+168480/7089080) -> 103558.53 | K9: =+I9+J9 -> 103558.53 | L9: =K9*(1+188880/9211560) -> 105681.96 | N9: =+L9+M9 -> 105681.96 | O9: =N9*(1+229880/10807440) -> 107929.87 | Q9: =+O9+P9 -> 107929.87 | R9: =Q9*(1+258720/12010320) -> 110254.84 | T9: =+R9+S9 -> 110254.84 | U9: =T9*(1+276600/13176040) -> 112569.38 | W9: =+U9+V9 -> 112569.38 | X9: =W9*(1+281720/15349640) -> 114635.43 | Z9: =+X9+Y9 -> 114635.43 | AA9: =Z9*(1+313600/16586360) -> 116802.85 | AB9: 0 | AC9: =+AA9+AB9 -> 116802.85 | AD9: =AC9*(1+321600/17662960) -> 118929.55 | AF9: =+AD9+AE9 -> 118929.55 | AG9: =AF9*(1+333320/18946560) -> 121021.84 | AI9: =+AG9+AH9 -> 121021.84 | AJ9: =AI9*(1+1/19279881) -> 121021.84 | AK9: =B9+D9+G9+J9+M9+P9+S9+V9+Y9+AB9+AE9+AH9 -> 100000 | AL9: =-AK9+AJ9 -> 21021.842 | AM9: =Tableau4[[#This Row],[EP TOTALE]]+Tableau4[[#This Row],[INTERETS]] -> 121021.84 | AN9: =Tableau4[[#This Row],[EP TOTALE]]*AK$40 -> 0
A10: FOTUE KAMGUE Kevin | B10: 100000 | C10: =B10*(1+38000/4317300) -> 100880.18 | E10: =+D10+C10 -> 100880.18 | F10: =E10*(1+57680/5852300) -> 101874.45 | H10: =+F10+G10 -> 101874.45 | I10: =H10*(1+168480/7089080) -> 104295.61 | K10: =+I10+J10 -> 104295.61 | L10: =K10*(1+188880/9211560) -> 106434.16 | N10: =+L10+M10 -> 106434.16 | O10: =N10*(1+229880/10807440) -> 108698.07 | Q10: =+O10+P10 -> 108698.07 | R10: =Q10*(1+258720/12010320) -> 111039.59 | T10: =+R10+S10 -> 111039.59 | U10: =T10*(1+276600/13176040) -> 113370.6 | W10: =+U10+V10 -> 113370.6 | X10: =W10*(1+281720/15349640) -> 115451.35 | Z10: =+X10+Y10 -> 115451.35 | AA10: =Z10*(1+313600/16586360) -> 117634.2 | AC10: =+AA10+AB10 -> 117634.2 | AD10: =AC10*(1+321600/17662960) -> 119776.04 | AF10: =+AD10+AE10 -> 119776.04 | AG10: =AF10*(1+333320/18946560) -> 121883.21 | AI10: =+AG10+AH10 -> 121883.21 | AJ10: =AI10*(1+1/19279881) -> 121883.22 | AK10: =B10+D10+G10+J10+M10+P10+S10+V10+Y10+AB10+AE10+AH10 -> 100000 | AL10: =-AK10+AJ10 -> 21883.221 | AM10: =Tableau4[[#This Row],[EP TOTALE]]+Tableau4[[#This Row],[INTERETS]] -> 121883.22 | AN10: =Tableau4[[#This Row],[EP TOTALE]]*AK$40 -> 0
A11: IPOULE Michel Landry | B11: 94000 | C11: =B11*(1+38000/4317300) -> 94827.369 | E11: =+D11+C11 -> 94827.369 | F11: =E11*(1+57680/5852300) -> 95761.983 | H11: =+F11+G11 -> 95761.983 | I11: =H11*(1+168480/7089080) -> 98037.875 | K11: =+I11+J11 -> 98037.875 | L11: =K11*(1+188880/9211560) -> 100048.11 | N11: =+L11+M11 -> 100048.11 | O11: =N11*(1+229880/10807440) -> 102176.19 | Q11: =+O11+P11 -> 102176.19 | R11: =Q11*(1+258720/12010320) -> 104377.21 | T11: =+R11+S11 -> 104377.21 | U11: =T11*(1+276600/13176040) -> 106568.37 | W11: =+U11+V11 -> 106568.37 | X11: =W11*(1+281720/15349640) -> 108524.27 | Z11: =+X11+Y11 -> 108524.27 | AA11: =Z11*(1+313600/16586360) -> 110576.15 | AB11: 6000 | AC11: =+AA11+AB11 -> 116576.15 | AD11: =AC11*(1+321600/17662960) -> 118698.72 | AF11: =+AD11+AE11 -> 118698.72 | AG11: =AF11*(1+333320/18946560) -> 120786.95 | AI11: =+AG11+AH11 -> 120786.95 | AJ11: =AI11*(1+1/19279881) -> 120786.95 | AK11: =B11+D11+G11+J11+M11+P11+S11+V11+Y11+AB11+AE11+AH11 -> 100000 | AL11: =-AK11+AJ11 -> 20786.952 | AM11: =Tableau4[[#This Row],[EP TOTALE]]+Tableau4[[#This Row],[INTERETS]] -> 120786.95 | AN11: =Tableau4[[#This Row],[EP TOTALE]]*AK$40 -> 0
A12: ITOP Samuel | B12: 200000 | C12: =B12*(1+38000/4317300) -> 201760.36 | D12: 100000 | E12: =+D12+C12 -> 301760.36 | F12: =E12*(1+57680/5852300) -> 304734.5 | G12: 200000 | H12: =+F12+G12 -> 504734.5 | I12: =H12*(1+168480/7089080) -> 516730.08 | J12: 200000 | K12: =+I12+J12 -> 716730.08 | L12: =K12*(1+188880/9211560) -> 731426.4 | M12: 100000 | N12: =+L12+M12 -> 831426.4 | O12: =N12*(1+229880/10807440) -> 849111.28 | P12: 100000 | Q12: =+O12+P12 -> 949111.28 | R12: =Q12*(1+258720/12010320) -> 969556.53 | S12: 100000 | T12: =+R12+S12 -> 1069556.5 | U12: =T12*(1+276600/13176040) -> 1092009.4 | V12: 100000 | W12: =+U12+V12 -> 1192009.4 | X12: =W12*(1+281720/15349640) -> 1213886.9 | Y12: 100000 | Z12: =+X12+Y12 -> 1313886.9 | AA12: =Z12*(1+313600/16586360) -> 1338728.7 | AB12: 100000 | AC12: =+AA12+AB12 -> 1438728.7 | AD12: =AC12*(1+321600/17662960) -> 1464924.5 | AE12: 100000 | AF12: =+AD12+AE12 -> 1564924.5 | AG12: =AF12*(1+333320/18946560) -> 1592455.7 | AI12: =+AG12+AH12 -> 1592455.7 | AJ12: =AI12*(1+1/19279881) -> 1592455.8 | AK12: =B12+D12+G12+J12+M12+P12+S12+V12+Y12+AB12+AE12+AH12 -> 1400000 | AL12: =-AK12+AJ12 -> 192455.75 | AM12: =Tableau4[[#This Row],[EP TOTALE]]+Tableau4[[#This Row],[INTERETS]] -> 1592455.8 | AN12: =Tableau4[[#This Row],[EP TOTALE]]*AK$40 -> 0
A13: LIKENG BALEBA | B13: 100000 | C13: =B13*(1+38000/4317300) -> 100880.18 | E13: =+D13+C13 -> 100880.18 | F13: =E13*(1+57680/5852300) -> 101874.45 | H13: =+F13+G13 -> 101874.45 | I13: =H13*(1+168480/7089080) -> 104295.61 | J13: 2000 | K13: =+I13+J13 -> 106295.61 | L13: =K13*(1+188880/9211560) -> 108475.17 | N13: =+L13+M13 -> 108475.17 | O13: =N13*(1+229880/10807440) -> 110782.49 | Q13: =+O13+P13 -> 110782.49 | R13: =Q13*(1+258720/12010320) -> 113168.91 | T13: =+R13+S13 -> 113168.91 | U13: =T13*(1+276600/13176040) -> 115544.63 | V13: 5000 | W13: =+U13+V13 -> 120544.63 | X13: =W13*(1+281720/15349640) -> 122757.05 | Z13: =+X13+Y13 -> 122757.05 | AA13: =Z13*(1+313600/16586360) -> 125078.03 | AC13: =+AA13+AB13 -> 125078.03 | AD13: =AC13*(1+321600/17662960) -> 127355.39 | AE13: 18000 | AF13: =+AD13+AE13 -> 145355.39 | AG13: =AF13*(1+333320/18946560) -> 147912.58 | AI13: =+AG13+AH13 -> 147912.58 | AJ13: =AI13*(1+1/19279881) -> 147912.59 | AK13: =B13+D13+G13+J13+M13+P13+S13+V13+Y13+AB13+AE13+AH13 -> 125000 | AL13: =-AK13+AJ13 -> 22912.588 | AM13: =Tableau4[[#This Row],[EP TOTALE]]+Tableau4[[#This Row],[INTERETS]] -> 147912.59 | AN13: =Tableau4[[#This Row],[EP TOTALE]]*AK$40 -> 0
A14: MAMA Paul Yannick | B14: 94000 | C14: =B14*(1+38000/4317300) -> 94827.369 | E14: =+D14+C14 -> 94827.369 | F14: =E14*(1+57680/5852300) -> 95761.983 | H14: =+F14+G14 -> 95761.983 | I14: =H14*(1+168480/7089080) -> 98037.875 | J14: 38000 | K14: =+I14+J14 -> 136037.87 | L14: =K14*(1+188880/9211560) -> 138827.29 | N14: =+L14+M14 -> 138827.29 | O14: =N14*(1+229880/10807440) -> 141780.22 | Q14: =+O14+P14 -> 141780.22 | R14: =Q14*(1+258720/12010320) -> 144834.37 | T14: =+R14+S14 -> 144834.37 | U14: =T14*(1+276600/13176040) -> 147874.83 | W14: =+U14+V14 -> 147874.83 | X14: =W14*(1+281720/15349640) -> 150588.85 | Z14: =+X14+Y14 -> 150588.85 | AA14: =Z14*(1+313600/16586360) -> 153436.05 | AC14: =+AA14+AB14 -> 153436.05 | AD14: =AC14*(1+321600/17662960) -> 156229.75 | AF14: =+AD14+AE14 -> 156229.75 | AG14: =AF14*(1+333320/18946560) -> 158978.25 | AI14: =+AG14+AH14 -> 158978.25 | AJ14: =AI14*(1+1/19279881) -> 158978.26 | AK14: =B14+D14+G14+J14+M14+P14+S14+V14+Y14+AB14+AE14+AH14 -> 132000 | AL14: =-AK14+AJ14 -> 26978.256 | AM14: =Tableau4[[#This Row],[EP TOTALE]]+Tableau4[[#This Row],[INTERETS]] -> 158978.26 | AN14: =Tableau4[[#This Row],[EP TOTALE]]*AK$40 -> 0
A15: MANI EKOUDI François M. | B15: 0 | C15: =B15*(1+38000/4317300) -> 0 | D15: 10000 | E15: =+D15+C15 -> 10000 | F15: =E15*(1+57680/5852300) -> 10098.56 | G15: 20000 | H15: =+F15+G15 -> 30098.56 | I15: =H15*(1+168480/7089080) -> 30813.886 | J15: 50000 | K15: =+I15+J15 -> 80813.886 | L15: =K15*(1+188880/9211560) -> 82470.948 | M15: 100000 | N15: =+L15+M15 -> 182470.95 | O15: =N15*(1+229880/10807440) -> 186352.2 | Q15: =+O15+P15 -> 186352.2 | R15: =Q15*(1+258720/12010320) -> 190366.5 | T15: =+R15+S15 -> 190366.5 | U15: =T15*(1+276600/13176040) -> 194362.8 | W15: =+U15+V15 -> 194362.8 | X15: =W15*(1+281720/15349640) -> 197930.04 | Z15: =+X15+Y15 -> 197930.04 | AA15: =Z15*(1+313600/16586360) -> 201672.33 | AC15: =+AA15+AB15 -> 201672.33 | AD15: =AC15*(1+321600/17662960) -> 205344.29 | AF15: =+AD15+AE15 -> 205344.29 | AG15: =AF15*(1+333320/18946560) -> 208956.84 | AI15: =+AG15+AH15 -> 208956.84 | AJ15: =AI15*(1+1/19279881) -> 208956.85 | AK15: =B15+D15+G15+J15+M15+P15+S15+V15+Y15+AB15+AE15+AH15 -> 180000 | AL15: =-AK15+AJ15 -> 28956.853 | AM15: =Tableau4[[#This Row],[EP TOTALE]]+Tableau4[[#This Row],[INTERETS]] -> 208956.85 | AN15: =Tableau4[[#This Row],[EP TOTALE]]*AK$40 -> 0
A16: MBA ENYOUGOU Bernard | B16: 52000 | C16: =B16*(1+38000/4317300) -> 52457.693 | E16: =+D16+C16 -> 52457.693 | F16: =E16*(1+57680/5852300) -> 52974.714 | G16: 20000 | H16: =+F16+G16 -> 72974.714 | I16: =H16*(1+168480/7089080) -> 74709.041 | J16: 10000 | K16: =+I16+J16 -> 84709.041 | L16: =K16*(1+188880/9211560) -> 86445.972 | N16: =+L16+M16 -> 86445.972 | O16: =N16*(1+229880/10807440) -> 88284.723 | Q16: =+O16+P16 -> 88284.723 | R16: =Q16*(1+258720/12010320) -> 90186.507 | T16: =+R16+S16 -> 90186.507 | U16: =T16*(1+276600/13176040) -> 92079.76 | W16: =+U16+V16 -> 92079.76 | X16: =W16*(1+281720/15349640) -> 93769.748 | Z16: =+X16+Y16 -> 93769.748 | AA16: =Z16*(1+313600/16586360) -> 95542.663 | AB16: 7000 | AC16: =+AA16+AB16 -> 102542.66 | AD16: =AC16*(1+321600/17662960) -> 104409.72 | AF16: =+AD16+AE16 -> 104409.72 | AG16: =AF16*(1+333320/18946560) -> 106246.56 | AI16: =+AG16+AH16 -> 106246.56 | AJ16: =AI16*(1+1/19279881) -> 106246.57 | AK16: =B16+D16+G16+J16+M16+P16+S16+V16+Y16+AB16+AE16+AH16 -> 89000 | AL16: =-AK16+AJ16 -> 17246.566 | AM16: =Tableau4[[#This Row],[EP TOTALE]]+Tableau4[[#This Row],[INTERETS]] -> 106246.57 | AN16: =Tableau4[[#This Row],[EP TOTALE]]*AK$40 -> 0
A17: MBADI Homer Paul | B17: 33000 | C17: =B17*(1+38000/4317300) -> 33290.459 | D17: 1000000 | E17: =+D17+C17 -> 1033290.5 | F17: =E17*(1+57680/5852300) -> 1043474.5 | G17: 500000 | H17: =+F17+G17 -> 1543474.5 | I17: =H17*(1+168480/7089080) -> 1580156.9 | K17: =+I17+J17 -> 1580156.9 | L17: =K17*(1+188880/9211560) -> 1612557.5 | M17: 500000 | N17: =+L17+M17 -> 2112557.5 | O17: =N17*(1+229880/10807440) -> 2157492.8 | P17: 500000 | Q17: =+O17+P17 -> 2657492.8 | R17: =Q17*(1+258720/12010320) -> 2714739.1 | S17: 500000 | T17: =+R17+S17 -> 3214739.1 | U17: =T17*(1+276600/13176040) -> 3282225 | V17: 500000 | W17: =+U17+V17 -> 3782225 | X17: =W17*(1+281720/15349640) -> 3851642.1 | Y17: 500000 | Z17: =+X17+Y17 -> 4351642.1 | AA17: =Z17*(1+313600/16586360) -> 4433919.1 | AB17: 500000 | AC17: =+AA17+AB17 -> 4933919.1 | AD17: =AC17*(1+321600/17662960) -> 5023753.9 | AE17: 500000 | AF17: =+AD17+AE17 -> 5523753.9 | AG17: =AF17*(1+333320/18946560) -> 5620931.3 | AI17: =+AG17+AH17 -> 5620931.3 | AJ17: =AI17*(1+1/19279881) -> 5620931.6 | AK17: =B17+D17+G17+J17+M17+P17+S17+V17+Y17+AB17+AE17+AH17 -> 5033000 | AL17: =-AK17+AJ17 -> 587931.56 | AM17: =Tableau4[[#This Row],[EP TOTALE]]+Tableau4[[#This Row],[INTERETS]] -> 5620931.6 | AN17: =Tableau4[[#This Row],[EP TOTALE]]*AK$40 -> 0
A18: MBAMBA NSOA Jean Paul | B18: 200000 | C18: =B18*(1+38000/4317300) -> 201760.36 | D18: 100000 | E18: =+D18+C18 -> 301760.36 | F18: =E18*(1+57680/5852300) -> 304734.5 | H18: =+F18+G18 -> 304734.5 | I18: =H18*(1+168480/7089080) -> 311976.86 | K18: =+I18+J18 -> 311976.86 | L18: =K18*(1+188880/9211560) -> 318373.84 | M18: 100000 | N18: =+L18+M18 -> 418373.84 | O18: =N18*(1+229880/10807440) -> 427272.87 | Q18: =+O18+P18 -> 427272.87 | R18: =Q18*(1+258720/12010320) -> 436476.96 | S18: 100000 | T18: =+R18+S18 -> 536476.96 | U18: =T18*(1+276600/13176040) -> 547739.03 | W18: =+U18+V18 -> 547739.03 | X18: =W18*(1+281720/15349640) -> 557791.98 | Z18: =+X18+Y18 -> 557791.98 | AA18: =Z18*(1+313600/16586360) -> 568338.2 | AC18: =+AA18+AB18 -> 568338.2 | AD18: =AC18*(1+321600/17662960) -> 578686.28 | AE18: 18000 | AF18: =+AD18+AE18 -> 596686.28 | AG18: =AF18*(1+333320/18946560) -> 607183.56 | AI18: =+AG18+AH18 -> 607183.56 | AJ18: =AI18*(1+1/19279881) -> 607183.59 | AK18: =B18+D18+G18+J18+M18+P18+S18+V18+Y18+AB18+AE18+AH18 -> 518000 | AL18: =-AK18+AJ18 -> 89183.594 | AM18: =Tableau4[[#This Row],[EP TOTALE]]+Tableau4[[#This Row],[INTERETS]] -> 607183.59 | AN18: =Tableau4[[#This Row],[EP TOTALE]]*AK$40 -> 0
A19: MENGUE François Xavier | B19: 40000 | C19: =B19*(1+38000/4317300) -> 40352.072 | E19: =+D19+C19 -> 40352.072 | F19: =E19*(1+57680/5852300) -> 40749.78 | H19: =+F19+G19 -> 40749.78 | I19: =H19*(1+168480/7089080) -> 41718.245 | K19: =+I19+J19 -> 41718.245 | L19: =K19*(1+188880/9211560) -> 42573.664 | N19: =+L19+M19 -> 42573.664 | O19: =N19*(1+229880/10807440) -> 43479.228 | P19: 88000 | Q19: =+O19+P19 -> 131479.23 | R19: =Q19*(1+258720/12010320) -> 134311.48 | T19: =+R19+S19 -> 134311.48 | U19: =T19*(1+276600/13176040) -> 137131.04 | W19: =+U19+V19 -> 137131.04 | X19: =W19*(1+281720/15349640) -> 139647.88 | Z19: =+X19+Y19 -> 139647.88 | AA19: =Z19*(1+313600/16586360) -> 142288.21 | AC19: =+AA19+AB19 -> 142288.21 | AD19: =AC19*(1+321600/17662960) -> 144878.94 | AF19: =+AD19+AE19 -> 144878.94 | AG19: =AF19*(1+333320/18946560) -> 147427.74 | AI19: =+AG19+AH19 -> 147427.74 | AJ19: =AI19*(1+1/19279881) -> 147427.75 | AK19: =B19+D19+G19+J19+M19+P19+S19+V19+Y19+AB19+AE19+AH19 -> 128000 | AL19: =-AK19+AJ19 -> 19427.75 | AM19: =Tableau4[[#This Row],[EP TOTALE]]+Tableau4[[#This Row],[INTERETS]] -> 147427.75 | AN19: =Tableau4[[#This Row],[EP TOTALE]]*AK$40 -> 0
A20: MIONG RIGOBERT Dieudonné | B20: 100000 | C20: =B20*(1+38000/4317300) -> 100880.18 | E20: =+D20+C20 -> 100880.18 | F20: =E20*(1+57680/5852300) -> 101874.45 | H20: =+F20+G20 -> 101874.45 | I20: =H20*(1+168480/7089080) -> 104295.61 | J20: 20000 | K20: =+I20+J20 -> 124295.61 | L20: =K20*(1+188880/9211560) -> 126844.25 | N20: =+L20+M20 -> 126844.25 | O20: =N20*(1+229880/10807440) -> 129542.3 | Q20: =+O20+P20 -> 129542.3 | R20: =Q20*(1+258720/12010320) -> 132332.83 | T20: =+R20+S20 -> 132332.83 | U20: =T20*(1+276600/13176040) -> 135110.85 | W20: =+U20+V20 -> 135110.85 | X20: =W20*(1+281720/15349640) -> 137590.61 | Z20: =+X20+Y20 -> 137590.61 | AA20: =Z20*(1+313600/16586360) -> 140192.05 | AC20: =+AA20+AB20 -> 140192.05 | AD20: =AC20*(1+321600/17662960) -> 142744.61 | AF20: =+AD20+AE20 -> 142744.61 | AG20: =AF20*(1+333320/18946560) -> 145255.86 | AI20: =+AG20+AH20 -> 145255.86 | AJ20: =AI20*(1+1/19279881) -> 145255.87 | AK20: =B20+D20+G20+J20+M20+P20+S20+V20+Y20+AB20+AE20+AH20 -> 120000 | AL20: =-AK20+AJ20 -> 25255.867 | AM20: =Tableau4[[#This Row],[EP TOTALE]]+Tableau4[[#This Row],[INTERETS]] -> 145255.87 | AN20: =Tableau4[[#This Row],[EP TOTALE]]*AK$40 -> 0
A21: NDJOCK Thaddée Rodrigue | B21: 0 | C21: =B21*(1+38000/4317300) -> 0 | E21: =+D21+C21 -> 0 | F21: =E21*(1+57680/5852300) -> 0 | G21: 6000 | H21: =+F21+G21 -> 6000 | I21: =H21*(1+168480/7089080) -> 6142.5968 | K21: =+I21+J21 -> 6142.5968 | L21: =K21*(1+188880/9211560) -> 6268.5487 | N21: =+L21+M21 -> 6268.5487 | O21: =N21*(1+229880/10807440) -> 6401.8841 | Q21: =+O21+P21 -> 6401.8841 | R21: =Q21*(1+258720/12010320) -> 6539.7901 | T21: =+R21+S21 -> 6539.7901 | U21: =T21*(1+276600/13176040) -> 6677.0776 | W21: =+U21+V21 -> 6677.0776 | X21: =W21*(1+281720/15349640) -> 6799.6255 | Z21: =+X21+Y21 -> 6799.6255 | AA21: =Z21*(1+313600/16586360) -> 6928.1867 | AC21: =+AA21+AB21 -> 6928.1867 | AD21: =AC21*(1+321600/17662960) -> 7054.3324 | AF21: =+AD21+AE21 -> 7054.3324 | AG21: =AF21*(1+333320/18946560) -> 7178.4367 | AI21: =+AG21+AH21 -> 7178.4367 | AJ21: =AI21*(1+1/19279881) -> 7178.4371 | AK21: =B21+D21+G21+J21+M21+P21+S21+V21+Y21+AB21+AE21+AH21 -> 6000 | AL21: =-AK21+AJ21 -> 1178.4371 | AM21: =Tableau4[[#This Row],[EP TOTALE]]+Tableau4[[#This Row],[INTERETS]] -> 7178.4371 | AN21: =Tableau4[[#This Row],[EP TOTALE]]*AK$40 -> 0
A22: NKOLO NGAH Emmanuel | B22: 100000 | C22: =B22*(1+38000/4317300) -> 100880.18 | E22: =+D22+C22 -> 100880.18 | F22: =E22*(1+57680/5852300) -> 101874.45 | H22: =+F22+G22 -> 101874.45 | I22: =H22*(1+168480/7089080) -> 104295.61 | K22: =+I22+J22 -> 104295.61 | L22: =K22*(1+188880/9211560) -> 106434.16 | N22: =+L22+M22 -> 106434.16 | O22: =N22*(1+229880/10807440) -> 108698.07 | Q22: =+O22+P22 -> 108698.07 | R22: =Q22*(1+258720/12010320) -> 111039.59 | T22: =+R22+S22 -> 111039.59 | U22: =T22*(1+276600/13176040) -> 113370.6 | W22: =+U22+V22 -> 113370.6 | X22: =W22*(1+281720/15349640) -> 115451.35 | Z22: =+X22+Y22 -> 115451.35 | AA22: =Z22*(1+313600/16586360) -> 117634.2 | AC22: =+AA22+AB22 -> 117634.2 | AD22: =AC22*(1+321600/17662960) -> 119776.04 | AE22: 8000 | AF22: =+AD22+AE22 -> 127776.04 | AG22: =AF22*(1+333320/18946560) -> 130023.96 | AI22: =+AG22+AH22 -> 130023.96 | AJ22: =AI22*(1+1/19279881) -> 130023.96 | AK22: =B22+D22+G22+J22+M22+P22+S22+V22+Y22+AB22+AE22+AH22 -> 108000 | AL22: =-AK22+AJ22 -> 22023.963 | AM22: =Tableau4[[#This Row],[EP TOTALE]]+Tableau4[[#This Row],[INTERETS]] -> 130023.96 | AN22: =Tableau4[[#This Row],[EP TOTALE]]*AK$40 -> 0
A23: NOAH Patrick Michel Brice | C23: =B23*(1+38000/4317300) -> 0 | E23: =+D23+C23 -> 0 | F23: =E23*(1+57680/5852300) -> 0 | G23: 100000 | H23: =+F23+G23 -> 100000 | I23: =H23*(1+168480/7089080) -> 102376.61 | K23: =+I23+J23 -> 102376.61 | L23: =K23*(1+188880/9211560) -> 104475.81 | M23: 100000 | N23: =+L23+M23 -> 204475.81 | O23: =N23*(1+229880/10807440) -> 208825.12 | Q23: =+O23+P23 -> 208825.12 | R23: =Q23*(1+258720/12010320) -> 213323.52 | T23: =+R23+S23 -> 213323.52 | U23: =T23*(1+276600/13176040) -> 217801.75 | W23: =+U23+V23 -> 217801.75 | X23: =W23*(1+281720/15349640) -> 221799.18 | Z23: =+X23+Y23 -> 221799.18 | AA23: =Z23*(1+313600/16586360) -> 225992.76 | AC23: =+AA23+AB23 -> 225992.76 | AD23: =AC23*(1+321600/17662960) -> 230107.54 | AF23: =+AD23+AE23 -> 230107.54 | AG23: =AF23*(1+333320/18946560) -> 234155.74 | AI23: =+AG23+AH23 -> 234155.74 | AJ23: =AI23*(1+1/19279881) -> 234155.75 | AK23: =B23+D23+G23+J23+M23+P23+S23+V23+Y23+AB23+AE23+AH23 -> 200000 | AL23: =-AK23+AJ23 -> 34155.753 | AM23: =Tableau4[[#This Row],[EP TOTALE]]+Tableau4[[#This Row],[INTERETS]] -> 234155.75 | AN23: =Tableau4[[#This Row],[EP TOTALE]]*AK$40 -> 0
A24: NONBO Marc | B24: 0 | C24: =B24*(1+38000/4317300) -> 0 | E24: =+D24+C24 -> 0 | F24: =E24*(1+57680/5852300) -> 0 | H24: =+F24+G24 -> 0 | I24: =H24*(1+168480/7089080) -> 0 | K24: =+I24+J24 -> 0 | L24: =K24*(1+188880/9211560) -> 0 | N24: =+L24+M24 -> 0 | O24: =N24*(1+229880/10807440) -> 0 | Q24: =+O24+P24 -> 0 | R24: =Q24*(1+258720/12010320) -> 0 | T24: =+R24+S24 -> 0 | U24: =T24*(1+276600/13176040) -> 0 | W24: =+U24+V24 -> 0 | X24: =W24*(1+281720/15349640) -> 0 | Y24: 100000 | Z24: =+X24+Y24 -> 100000 | AA24: =Z24*(1+313600/16586360) -> 101890.71 | AC24: =+AA24+AB24 -> 101890.71 | AD24: =AC24*(1+321600/17662960) -> 103745.89 | AF24: =+AD24+AE24 -> 103745.89 | AG24: =AF24*(1+333320/18946560) -> 105571.06 | AI24: =+AG24+AH24 -> 105571.06 | AJ24: =AI24*(1+1/19279881) -> 105571.06 | AK24: =B24+D24+G24+J24+M24+P24+S24+V24+Y24+AB24+AE24+AH24 -> 100000 | AL24: =-AK24+AJ24 -> 5571.0645 | AM24: =Tableau4[[#This Row],[EP TOTALE]]+Tableau4[[#This Row],[INTERETS]] -> 105571.06 | AN24: =Tableau4[[#This Row],[EP TOTALE]]*AK$40 -> 0
A25: NSOA MBONDO Pierre | B25: 100500 | C25: =B25*(1+38000/4317300) -> 101384.58 | E25: =+D25+C25 -> 101384.58 | F25: =E25*(1+57680/5852300) -> 102383.82 | H25: =+F25+G25 -> 102383.82 | I25: =H25*(1+168480/7089080) -> 104817.09 | K25: =+I25+J25 -> 104817.09 | L25: =K25*(1+188880/9211560) -> 106966.33 | N25: =+L25+M25 -> 106966.33 | O25: =N25*(1+229880/10807440) -> 109241.56 | Q25: =+O25+P25 -> 109241.56 | R25: =Q25*(1+258720/12010320) -> 111594.78 | T25: =+R25+S25 -> 111594.78 | U25: =T25*(1+276600/13176040) -> 113937.45 | W25: =+U25+V25 -> 113937.45 | X25: =W25*(1+281720/15349640) -> 116028.61 | Z25: =+X25+Y25 -> 116028.61 | AA25: =Z25*(1+313600/16586360) -> 118222.37 | AC25: =+AA25+AB25 -> 118222.37 | AD25: =AC25*(1+321600/17662960) -> 120374.92 | AF25: =+AD25+AE25 -> 120374.92 | AG25: =AF25*(1+333320/18946560) -> 122492.63 | AI25: =+AG25+AH25 -> 122492.63 | AJ25: =AI25*(1+1/19279881) -> 122492.64 | AK25: =B25+D25+G25+J25+M25+P25+S25+V25+Y25+AB25+AE25+AH25 -> 100500 | AL25: =-AK25+AJ25 -> 21992.637 | AM25: =Tableau4[[#This Row],[EP TOTALE]]+Tableau4[[#This Row],[INTERETS]] -> 122492.64 | AN25: =Tableau4[[#This Row],[EP TOTALE]]*AK$40 -> 0
A26: NSOE NKOULI Jean-Baptiste | B26: 100000 | C26: =B26*(1+38000/4317300) -> 100880.18 | E26: =+D26+C26 -> 100880.18 | F26: =E26*(1+57680/5852300) -> 101874.45 | H26: =+F26+G26 -> 101874.45 | I26: =H26*(1+168480/7089080) -> 104295.61 | K26: =+I26+J26 -> 104295.61 | L26: =K26*(1+188880/9211560) -> 106434.16 | N26: =+L26+M26 -> 106434.16 | O26: =N26*(1+229880/10807440) -> 108698.07 | Q26: =+O26+P26 -> 108698.07 | R26: =Q26*(1+258720/12010320) -> 111039.59 | T26: =+R26+S26 -> 111039.59 | U26: =T26*(1+276600/13176040) -> 113370.6 | W26: =+U26+V26 -> 113370.6 | X26: =W26*(1+281720/15349640) -> 115451.35 | Y26: 0 | Z26: =+X26+Y26 -> 115451.35 | AA26: =Z26*(1+313600/16586360) -> 117634.2 | AC26: =+AA26+AB26 -> 117634.2 | AD26: =AC26*(1+321600/17662960) -> 119776.04 | AE26: 150000 | AF26: =+AD26+AE26 -> 269776.04 | AG26: =AF26*(1+333320/18946560) -> 274522.11 | AI26: =+AG26+AH26 -> 274522.11 | AJ26: =AI26*(1+1/19279881) -> 274522.13 | AK26: =B26+D26+G26+J26+M26+P26+S26+V26+Y26+AB26+AE26+AH26 -> 250000 | AL26: =-AK26+AJ26 -> 24522.125 | AM26: =Tableau4[[#This Row],[EP TOTALE]]+Tableau4[[#This Row],[INTERETS]] -> 274522.13 | AN26: =Tableau4[[#This Row],[EP TOTALE]]*AK$40 -> 0
A27: NYECK PONDI Etienne | B27: 600000 | C27: =B27*(1+38000/4317300) -> 605281.08 | E27: =+D27+C27 -> 605281.08 | F27: =E27*(1+57680/5852300) -> 611246.7 | H27: =+F27+G27 -> 611246.7 | I27: =H27*(1+168480/7089080) -> 625773.67 | K27: =+I27+J27 -> 625773.67 | L27: =K27*(1+188880/9211560) -> 638604.95 | M27: 150000 | N27: =+L27+M27 -> 788604.95 | O27: =N27*(1+229880/10807440) -> 805379 | Q27: =+O27+P27 -> 805379 | R27: =Q27*(1+258720/12010320) -> 822728.05 | T27: =+R27+S27 -> 822728.05 | U27: =T27*(1+276600/13176040) -> 839999.29 | W27: =+U27+V27 -> 839999.29 | X27: =W27*(1+281720/15349640) -> 855416.24 | Z27: =+X27+Y27 -> 855416.24 | AA27: =Z27*(1+313600/16586360) -> 871589.68 | AC27: =+AA27+AB27 -> 871589.68 | AD27: =AC27*(1+321600/17662960) -> 887459.23 | AF27: =+AD27+AE27 -> 887459.23 | AG27: =AF27*(1+333320/18946560) -> 903071.98 | AI27: =+AG27+AH27 -> 903071.98 | AJ27: =AI27*(1+1/19279881) -> 903072.03 | AK27: =B27+D27+G27+J27+M27+P27+S27+V27+Y27+AB27+AE27+AH27 -> 750000 | AL27: =-AK27+AJ27 -> 153072.03 | AM27: =Tableau4[[#This Row],[EP TOTALE]]+Tableau4[[#This Row],[INTERETS]] -> 903072.03 | AN27: =Tableau4[[#This Row],[EP TOTALE]]*AK$40 -> 0
A28: OMGBA FOUDA Simon Pierre | B28: 54000 | C28: =B28*(1+38000/4317300) -> 54475.297 | D28: 100000 | E28: =+D28+C28 -> 154475.3 | F28: =E28*(1+57680/5852300) -> 155997.8 | G28: 50000 | H28: =+F28+G28 -> 205997.8 | I28: =H28*(1+168480/7089080) -> 210893.57 | K28: =+I28+J28 -> 210893.57 | L28: =K28*(1+188880/9211560) -> 215217.87 | N28: =+L28+M28 -> 215217.87 | O28: =N28*(1+229880/10807440) -> 219795.67 | Q28: =+O28+P28 -> 219795.67 | R28: =Q28*(1+258720/12010320) -> 224530.39 | T28: =+R28+S28 -> 224530.39 | U28: =T28*(1+276600/13176040) -> 229243.88 | W28: =+U28+V28 -> 229243.88 | X28: =W28*(1+281720/15349640) -> 233451.31 | Y28: 100000 | Z28: =+X28+Y28 -> 333451.31 | AA28: =Z28*(1+313600/16586360) -> 339755.91 | AC28: =+AA28+AB28 -> 339755.91 | AD28: =AC28*(1+321600/17662960) -> 345942.05 | AF28: =+AD28+AE28 -> 345942.05 | AG28: =AF28*(1+333320/18946560) -> 352028.08 | AI28: =+AG28+AH28 -> 352028.08 | AJ28: =AI28*(1+1/19279881) -> 352028.1 | AK28: =B28+D28+G28+J28+M28+P28+S28+V28+Y28+AB28+AE28+AH28 -> 304000 | AL28: =-AK28+AJ28 -> 48028.103 | AM28: =Tableau4[[#This Row],[EP TOTALE]]+Tableau4[[#This Row],[INTERETS]] -> 352028.1 | AN28: =Tableau4[[#This Row],[EP TOTALE]]*AK$40 -> 0
A29: OMGBA MIMBOE Gaetan | B29: 300000 | C29: =B29*(1+38000/4317300) -> 302640.54 | D29: 50000 | E29: =+D29+C29 -> 352640.54 | F29: =E29*(1+57680/5852300) -> 356116.15 | H29: =+F29+G29 -> 356116.15 | I29: =H29*(1+168480/7089080) -> 364579.65 | J29: 97000 | K29: =+I29+J29 -> 461579.65 | L29: =K29*(1+188880/9211560) -> 471044.19 | M29: 200000 | N29: =+L29+M29 -> 671044.19 | O29: =N29*(1+229880/10807440) -> 685317.66 | P29: 50000 | Q29: =+O29+P29 -> 735317.66 | R29: =Q29*(1+258720/12010320) -> 751157.48 | T29: =+R29+S29 -> 751157.48 | U29: =T29*(1+276600/13176040) -> 766926.27 | W29: =+U29+V29 -> 766926.27 | X29: =W29*(1+281720/15349640) -> 781002.07 | Y29: 50000 | Z29: =+X29+Y29 -> 831002.07 | AA29: =Z29*(1+313600/16586360) -> 846713.91 | AC29: =+AA29+AB29 -> 846713.91 | AD29: =AC29*(1+321600/17662960) -> 862130.53 | AF29: =+AD29+AE29 -> 862130.53 | AG29: =AF29*(1+333320/18946560) -> 877297.69 | AI29: =+AG29+AH29 -> 877297.69 | AJ29: =AI29*(1+1/19279881) -> 877297.73 | AK29: =B29+D29+G29+J29+M29+P29+S29+V29+Y29+AB29+AE29+AH29 -> 747000 | AL29: =-AK29+AJ29 -> 130297.73 | AM29: =Tableau4[[#This Row],[EP TOTALE]]+Tableau4[[#This Row],[INTERETS]] -> 877297.73 | AN29: =Tableau4[[#This Row],[EP TOTALE]]*AK$40 -> 0
A30: ONANA NKADA Laurent S. | B30: 106000 | C30: =B30*(1+38000/4317300) -> 106932.99 | E30: =+D30+C30 -> 106932.99 | F30: =E30*(1+57680/5852300) -> 107986.92 | H30: =+F30+G30 -> 107986.92 | I30: =H30*(1+168480/7089080) -> 110553.35 | K30: =+I30+J30 -> 110553.35 | L30: =K30*(1+188880/9211560) -> 112820.21 | N30: =+L30+M30 -> 112820.21 | O30: =N30*(1+229880/10807440) -> 115219.95 | Q30: =+O30+P30 -> 115219.95 | R30: =Q30*(1+258720/12010320) -> 117701.96 | T30: =+R30+S30 -> 117701.96 | U30: =T30*(1+276600/13176040) -> 120172.84 | W30: =+U30+V30 -> 120172.84 | X30: =W30*(1+281720/15349640) -> 122378.43 | Y30: 5000 | Z30: =+X30+Y30 -> 127378.43 | AA30: =Z30*(1+313600/16586360) -> 129786.79 | AC30: =+AA30+AB30 -> 129786.79 | AD30: =AC30*(1+321600/17662960) -> 132149.9 | AF30: =+AD30+AE30 -> 132149.9 | AG30: =AF30*(1+333320/18946560) -> 134474.76 | AI30: =+AG30+AH30 -> 134474.76 | AJ30: =AI30*(1+1/19279881) -> 134474.77 | AK30: =B30+D30+G30+J30+M30+P30+S30+V30+Y30+AB30+AE30+AH30 -> 111000 | AL30: =-AK30+AJ30 -> 23474.768 | AM30: =Tableau4[[#This Row],[EP TOTALE]]+Tableau4[[#This Row],[INTERETS]] -> 134474.77 | AN30: =Tableau4[[#This Row],[EP TOTALE]]*AK$40 -> 0
A31: ONDOA Jean | B31: 94000 | C31: =B31*(1+38000/4317300) -> 94827.369 | E31: =+D31+C31 -> 94827.369 | F31: =E31*(1+57680/5852300) -> 95761.983 | H31: =+F31+G31 -> 95761.983 | I31: =H31*(1+168480/7089080) -> 98037.875 | K31: =+I31+J31 -> 98037.875 | L31: =K31*(1+188880/9211560) -> 100048.11 | N31: =+L31+M31 -> 100048.11 | O31: =N31*(1+229880/10807440) -> 102176.19 | P31: 88000 | Q31: =+O31+P31 -> 190176.19 | R31: =Q31*(1+258720/12010320) -> 194272.86 | T31: =+R31+S31 -> 194272.86 | U31: =T31*(1+276600/13176040) -> 198351.16 | W31: =+U31+V31 -> 198351.16 | X31: =W31*(1+281720/15349640) -> 201991.61 | Z31: =+X31+Y31 -> 201991.61 | AA31: =Z31*(1+313600/16586360) -> 205810.68 | AC31: =+AA31+AB31 -> 205810.68 | AD31: =AC31*(1+321600/17662960) -> 209558 | AF31: =+AD31+AE31 -> 209558 | AG31: =AF31*(1+333320/18946560) -> 213244.68 | AI31: =+AG31+AH31 -> 213244.68 | AJ31: =AI31*(1+1/19279881) -> 213244.69 | AK31: =B31+D31+G31+J31+M31+P31+S31+V31+Y31+AB31+AE31+AH31 -> 182000 | AL31: =-AK31+AJ31 -> 31244.689 | AM31: =Tableau4[[#This Row],[EP TOTALE]]+Tableau4[[#This Row],[INTERETS]] -> 213244.69 | AN31: =Tableau4[[#This Row],[EP TOTALE]]*AK$40 -> 0
A32: TSANGA TSANGA Christol | B32: 32800 | C32: =B32*(1+38000/4317300) -> 33088.699 | E32: =+D32+C32 -> 33088.699 | F32: =E32*(1+57680/5852300) -> 33414.82 | H32: =+F32+G32 -> 33414.82 | I32: =H32*(1+168480/7089080) -> 34208.961 | K32: =+I32+J32 -> 34208.961 | L32: =K32*(1+188880/9211560) -> 34910.404 | N32: =+L32+M32 -> 34910.404 | O32: =N32*(1+229880/10807440) -> 35652.967 | Q32: =+O32+P32 -> 35652.967 | R32: =Q32*(1+258720/12010320) -> 36420.984 | S32: 100000 | T32: =+R32+S32 -> 136420.98 | U32: =T32*(1+276600/13176040) -> 139284.82 | W32: =+U32+V32 -> 139284.82 | X32: =W32*(1+281720/15349640) -> 141841.19 | Z32: =+X32+Y32 -> 141841.19 | AA32: =Z32*(1+313600/16586360) -> 144523 | AC32: =+AA32+AB32 -> 144523 | AD32: =AC32*(1+321600/17662960) -> 147154.41 | AE32: 2000 | AF32: =+AD32+AE32 -> 149154.41 | AG32: =AF32*(1+333320/18946560) -> 151778.43 | AI32: =+AG32+AH32 -> 151778.43 | AJ32: =AI32*(1+1/19279881) -> 151778.44 | AK32: =B32+D32+G32+J32+M32+P32+S32+V32+Y32+AB32+AE32+AH32 -> 134800 | AL32: =-AK32+AJ32 -> 16978.439 | AM32: =Tableau4[[#This Row],[EP TOTALE]]+Tableau4[[#This Row],[INTERETS]] -> 151778.44 | AN32: =Tableau4[[#This Row],[EP TOTALE]]*AK$40 -> 0
A33: ZE ANDJE Eric | B33: 104000 | C33: =B33*(1+38000/4317300) -> 104915.39 | E33: =+D33+C33 -> 104915.39 | F33: =E33*(1+57680/5852300) -> 105949.43 | H33: =+F33+G33 -> 105949.43 | I33: =H33*(1+168480/7089080) -> 108467.44 | J33: 140000 | K33: =+I33+J33 -> 248467.44 | L33: =K33*(1+188880/9211560) -> 253562.18 | M33: 100000 | N33: =+L33+M33 -> 353562.18 | O33: =N33*(1+229880/10807440) -> 361082.63 | Q33: =+O33+P33 -> 361082.63 | R33: =Q33*(1+258720/12010320) -> 368860.89 | T33: =+R33+S33 -> 368860.89 | U33: =T33*(1+276600/13176040) -> 376604.25 | W33: =+U33+V33 -> 376604.25 | X33: =W33*(1+281720/15349640) -> 383516.27 | Z33: =+X33+Y33 -> 383516.27 | AA33: =Z33*(1+313600/16586360) -> 390767.45 | AC33: =+AA33+AB33 -> 390767.45 | AD33: =AC33*(1+321600/17662960) -> 397882.39 | AF33: =+AD33+AE33 -> 397882.39 | AG33: =AF33*(1+333320/18946560) -> 404882.19 | AI33: =+AG33+AH33 -> 404882.19 | AJ33: =AI33*(1+1/19279881) -> 404882.21 | AK33: =B33+D33+G33+J33+M33+P33+S33+V33+Y33+AB33+AE33+AH33 -> 344000 | AL33: =-AK33+AJ33 -> 60882.209 | AM33: =Tableau4[[#This Row],[EP TOTALE]]+Tableau4[[#This Row],[INTERETS]] -> 404882.21 | AN33: =Tableau4[[#This Row],[EP TOTALE]]*AK$40 -> 0
A34: SECOURS / CAYA | B34: 500000 | C34: =B34*(1+38000/4317300) -> 504400.9 | E34: =+D34+C34 -> 504400.9 | F34: =E34*(1+57680/5852300) -> 509372.25 | H34: =+F34+G34 -> 509372.25 | I34: =H34*(1+168480/7089080) -> 521478.06 | K34: =+I34+J34 -> 521478.06 | L34: =K34*(1+188880/9211560) -> 532170.79 | N34: =+L34+M34 -> 532170.79 | O34: =N34*(1+229880/10807440) -> 543490.35 | Q34: =+O34+P34 -> 543490.35 | R34: =Q34*(1+258720/12010320) -> 555197.93 | T34: =+R34+S34 -> 555197.93 | U34: =T34*(1+276600/13176040) -> 566853.01 | W34: =+U34+V34 -> 566853.01 | X34: =W34*(1+281720/15349640) -> 577256.76 | Z34: =+X34+Y34 -> 577256.76 | AA34: =Z34*(1+313600/16586360) -> 588171.01 | AC34: =+AA34+AB34 -> 588171.01 | AD34: =AC34*(1+321600/17662960) -> 598880.19 | AF34: =+AD34+AE34 -> 598880.19 | AG34: =AF34*(1+333320/18946560) -> 609416.07 | AI34: =+AG34+AH34 -> 609416.07 | AJ34: =AI34*(1+1/19279881) -> 609416.11 | AK34: =B34+D34+G34+J34+M34+P34+S34+V34+Y34+AB34+AE34+AH34 -> 500000 | AL34: =-AK34+AJ34 -> 109416.11 | AM34: =Tableau4[[#This Row],[EP TOTALE]]+Tableau4[[#This Row],[INTERETS]] -> 609416.11 | AN34: =Tableau4[[#This Row],[EP TOTALE]]*AK$40 -> 0
A35: BUREAU | B35: 410000 | C35: =B35*(1+38000/4317300) -> 413608.74 | E35: =+D35+C35 -> 413608.74 | F35: =E35*(1+57680/5852300) -> 417685.25 | H35: =+F35+G35 -> 417685.25 | I35: =H35*(1+168480/7089080) -> 427612.01 | K35: =+I35+J35 -> 427612.01 | L35: =K35*(1+188880/9211560) -> 436380.05 | N35: =+L35+M35 -> 436380.05 | O35: =N35*(1+229880/10807440) -> 445662.09 | Q35: =+O35+P35 -> 445662.09 | R35: =Q35*(1+258720/12010320) -> 455262.31 | T35: =+R35+S35 -> 455262.31 | U35: =T35*(1+276600/13176040) -> 464819.47 | W35: =+U35+V35 -> 464819.47 | X35: =W35*(1+281720/15349640) -> 473350.54 | Z35: =+X35+Y35 -> 473350.54 | AA35: =Z35*(1+313600/16586360) -> 482300.23 | AC35: =+AA35+AB35 -> 482300.23 | AD35: =AC35*(1+321600/17662960) -> 491081.76 | AF35: =+AD35+AE35 -> 491081.76 | AG35: =AF35*(1+333320/18946560) -> 499721.18 | AI35: =+AG35+AH35 -> 499721.18 | AJ35: =AI35*(1+1/19279881) -> 499721.21 | AK35: =B35+D35+G35+J35+M35+P35+S35+V35+Y35+AB35+AE35+AH35 -> 410000 | AL35: =-AK35+AJ35 -> 89721.207 | AM35: =Tableau4[[#This Row],[EP TOTALE]]+Tableau4[[#This Row],[INTERETS]] -> 499721.21 | AN35: =Tableau4[[#This Row],[EP TOTALE]]*AK$40 -> 0
A36: AUTRES / FETE | C36: =B36*(1+38000/4317300) -> 0 | E36: =+D36+C36 -> 0 | F36: =E36*(1+57680/5852300) -> 0 | H36: =+F36+G36 -> 0 | I36: =H36*(1+168480/7089080) -> 0 | K36: =+I36+J36 -> 0 | L36: =K36*(1+188880/9211560) -> 0 | N36: =+L36+M36 -> 0 | O36: =N36*(1+229880/10807440) -> 0 | Q36: =+O36+P36 -> 0 | R36: =Q36*(1+258720/12010320) -> 0 | T36: =+R36+S36 -> 0 | U36: =T36*(1+276600/13176040) -> 0 | W36: =+U36+V36 -> 0 | X36: =W36*(1+281720/15349640) -> 0 | Z36: =+X36+Y36 -> 0 | AA36: =Z36*(1+313600/16586360) -> 0 | AC36: =+AA36+AB36 -> 0 | AD36: =AC36*(1+321600/17662960) -> 0 | AF36: =+AD36+AE36 -> 0 | AG36: =AF36*(1+333320/18946560) -> 0 | AI36: =+AG36+AH36 -> 0 | AJ36: =AI36*(1+1/19279881) -> 0 | AK36: =B36+D36+G36+J36+M36+P36+S36+V36+Y36+AB36+AE36+AH36 -> 0 | AL36: =-AK36+AJ36 -> 0 | AM36: =Tableau4[[#This Row],[EP TOTALE]]+Tableau4[[#This Row],[INTERETS]] -> 0 | AN36: =Tableau4[[#This Row],[EP TOTALE]]*AK$40 -> 0
A37: total | B37: =SUM(B2:B36) -> 4317300 | C37: =B37*(1+38000/4317300) -> 4355300 | D37: =SUM(D2:D36) -> 1497000 | E37: =+D37+C37 -> 5852300 | F37: =E37*(1+57680/5852300) -> 5909980 | G37: =+SUM(G2:G36) -> 1179100 | H37: =+F37+G37 -> 7089080 | I37: =H37*(1+168480/7089080) -> 7257560 | J37: =SUM(J2:J36) -> 1954000 | K37: =+I37+J37 -> 9211560 | L37: =K37*(1+188880/9211560) -> 9400440 | M37: =SUM(M2:M36) -> 1407000 | N37: =+L37+M37 -> 10807440 | O37: =N37*(1+229880/10807440) -> 11037320 | P37: =+SUM(P2:P36) -> 973000 | Q37: =+O37+P37 -> 12010320 | R37: =Q37*(1+258720/12010320) -> 12269040 | S37: =+SUM(S2:S36) -> 907000 | T37: =+R37+S37 -> 13176040 | U37: =T37*(1+276600/13176040) -> 13452640 | V37: =+SUM(V2:V36) -> 1897000 | W37: =+U37+V37 -> 15349640 | X37: =W37*(1+281720/15349640) -> 15631360 | Y37: =+SUM(Y2:Y36) -> 955000 | Z37: =+X37+Y37 -> 16586360 | AA37: =Z37*(1+313600/16586360) -> 16899960 | AB37: =+SUM(AB2:AB36) -> 763000 | AC37: =+AA37+AB37 -> 17662960 | AD37: =AC37*(1+321600/17662960) -> 17984560 | AE37: =+SUM(AE2:AE35) -> 962000 | AF37: =+AD37+AE37 -> 18946560 | AG37: =AF37*(1+333320/18946560) -> 19279880 | AH37: =+SUM(AH2:AH36) -> 0 | AI37: =+AG37+AH37 -> 19279880 | AJ37: =AI37*(1+1/19279881) -> 19279881 | AK37: =+SUM(AK2:AK36) -> 16811400 | AL37: =-AK37+AJ37 -> 2468481 | AM37: =Tableau4[[#This Row],[EP TOTALE]]+Tableau4[[#This Row],[INTERETS]] -> 19279881 | AN37: =Tableau4[[#This Row],[EP TOTALE]]*AK$40 -> 0
AJ38: =AJ40/AJ35 -> 0

Sheet insc+sec
A1: NOMS ET PRENOMS | B1: inscriptions | C1: SEC SEPT | D1: SEC OCT | E1: SEC NOV | F1: SEC DEC | G1: SEC JANV | H1: SEC FEV | I1: SEC MAR | J1: SEC AVR | K1: SEC MAI | L1: SEC JUIN | M1: SEC JUIL | N1: SEC AOUT | O1: TOTAL
A2: ABENG ZE Jean Claude | B2: 10000 | O2: =+SUM(C2:N2) -> 0
A3: BANGA NNA Israel | B3: 10000 | O3: =+SUM(C3:N3) -> 0
A4: BISSAI BI NOMBO Fabrice | B4: 10000 | O4: =+SUM(C4:N4) -> 0
A5: BOMBA FOUDA Mathieu | B5: 10000 | O5: =+SUM(C5:N5) -> 0
A6: EBOGO BIKOULA Gilbert | B6: 10000 | O6: =+SUM(C6:N6) -> 0
A7: ESSALA Etienne | B7: 10000 | O7: =+SUM(C7:N7) -> 0
A8: ETOA Yves | B8: 10000 | O8: =+SUM(C8:N8) -> 0
A9: EWALA Jacques Philippe | B9: 10000 | O9: =+SUM(C9:N9) -> 0
A10: FOTUE KAMGUE Kevin | B10: 10000 | O10: =+SUM(C10:N10) -> 0
A11: IPOULE Michel Landry | B11: 10000 | O11: =+SUM(C11:N11) -> 0
A12: ITOP Samuel | B12: 10000 | O12: =+SUM(C12:N12) -> 0
A13: LIKENG BALABA | B13: 10000 | O13: =+SUM(C13:N13) -> 0
... A33: ZE ANDJE Eric | B33: 10000 | O33: =+SUM(C33:N33) -> 0
A34: total | B34: =+SUM(B2:B33) -> 320000 | C34: =+SUM(C2:C33) -> 0 | D34: =+SUM(D2:D33) -> 0 | E34: =+SUM(E2:E33) -> 0 | F34: =+SUM(F2:F33) -> 0 | G34: =+SUM(G2:G33) -> 0 | H34: =+SUM(H2:H33) -> 0 | I34: =+SUM(I2:I33) -> 0 | ... N34: =+SUM(N2:N33) -> 0 | O34: =+SUM(C34:N34) -> 0

Sheet ep+int (2)
A1: NOMS ET PRENOMS | B1: EP AOUT | C1: EP AOUT+INT | D1: EP SEPT | E1: CUMUL1 | F1: EP +INT1 | G1: EP OCTO | H1: CUMUL2 | I1: EP +INT2 | J1: EP NOV | K1: CUMUL3 | L1: EP +INT3 | M1: EP DEC | N1: CUMUL4 | O1: EP+INT | P1: EP JANV | Q1: CUMUL5 | R1: EP+INT4 | S1: EP FEV | T1: CUMUL6 | U1: EP+INT5 | V1: EP MARS | W1: CUMUL7 | X1: EP+INT6 | Y1: EP AVRI | Z1: CUMUL8 | AA1: EP+INT7 | AB1: EP MAI | AC1: CUMUL9 | AD1: EP+INT8 | AE1: EP JUIN | AF1: CUMUL10 | AG1: EP+INT9 | AH1: EP JUILL | AI1: CUMUL11 | AJ1: EP+INT94 | AK1: EP TOTALE | AL1: INTERETS | AM1: N A P | AO1: N° | AP1: NOM | AQ1: EPARGNE | AR1: INTERET | AS1: TOTAL | AU1: REM PRETS
A2: ABENG ZE Jean Claude | B2: 94000 | C2: =B2*(1+(intérêts25!B$34)/(B$37)) -> 94827.369 | E2: =+D2+C2 -> 94827.369 | F2: =+E2*(1+(intérêts25!C$34)/(E$37)) -> 95761.983 | H2: =+F2+G2 -> 95761.983 | I2: =+H2*(1+(intérêts25!D$34)/(H$37)) -> 97983.841 | K2: =+I2+J2 -> 97983.841 | L2: =+K2*(1+(intérêts25!E$34)/(K$37)) -> 99419.19 | N2: =+L2+M2 -> 99419.19 | O2: =+N2*(1+(intérêts25!F$34)/(N$37)) -> 100583.43 | Q2: =+O2+P2 -> 100583.43 | R2: =+Q2*(1+(intérêts25!G$34)/(Q$37)) -> 101896.88 | T2: =+R2+S2 -> 101896.88 | U2: =+T2*(1+(intérêts25!H$34)/(T$37)) -> 103259.19 | W2: =+U2+V2 -> 103259.19 | X2: =+W2*(1+(intérêts25!I$34)/(W$37)) -> 104484.27 | Z2: =+X2+Y2 -> 104484.27 | AA2: =+Z2*(1+(intérêts25!J$34)/(Z$37)) -> 106403.75 | AC2: =+AA2+AB2 -> 106403.75 | AD2: =+AC2*(1+(intérêts25!K$34)/(AC$37)) -> 108237.93 | AF2: =+AD2+AE2 -> 108237.93 | AG2: =+AF2*(1+(intérêts25!L$34)/(AF$37)) -> 110106.29 | AI2: =+AG2+AH2 -> 110106.29 | AJ2: =+AI2*(1+(intérêts25!M$34)/(AI$37)) -> 110106.29 | AK2: =B2+D2+G2+J2+M2+P2+S2+V2+Y2+AB2+AE2+AH2 -> 94000 | AL2: =-AK2+AJ2 -> 16106.292 | AM2: =Tableau44[[#This Row],[EP TOTALE]]+Tableau44[[#This Row],[INTERETS]] -> 110106.29 | AO2: 1 | AP2: ABENG ZE Jean Claude | AQ2: 94000 | AR2: 16106.292 | AS2: 110106.29
A3: BANGA NNA Israel | B3: 129000 | C3: =B3*(1+(intérêts25!B$34)/(B$37)) -> 130135.43 | E3: =+D3+C3 -> 130135.43 | F3: =+E3*(1+(intérêts25!C$34)/(E$37)) -> 131418.04 | G3: 100000 | H3: =+F3+G3 -> 231418.04 | I3: =+H3*(1+(intérêts25!D$34)/(H$37)) -> 236787.37 | J3: 100000 | K3: =+I3+J3 -> 336787.37 | L3: =+K3*(1+(intérêts25!E$34)/(K$37)) -> 341720.92 | N3: =+L3+M3 -> 341720.92 | O3: =+N3*(1+(intérêts25!F$34)/(N$37)) -> 345722.6 | Q3: =+O3+P3 -> 345722.6 | R3: =+Q3*(1+(intérêts25!G$34)/(Q$37)) -> 350237.18 | T3: =+R3+S3 -> 350237.18 | U3: =+T3*(1+(intérêts25!H$34)/(T$37)) -> 354919.65 | W3: =+U3+V3 -> 354919.65 | X3: =+W3*(1+(intérêts25!I$34)/(W$37)) -> 359130.46 | Z3: =+X3+Y3 -> 359130.46 | AA3: =+Z3*(1+(intérêts25!J$34)/(Z$37)) -> 365728.04 | AC3: =+AA3+AB3 -> 365728.04 | AD3: =+AC3*(1+(intérêts25!K$34)/(AC$37)) -> 372032.46 | AF3: =+AD3+AE3 -> 372032.46 | AG3: =+AF3*(1+(intérêts25!L$34)/(AF$37)) -> 378454.33 | AI3: =+AG3+AH3 -> 378454.33 | AJ3: =+AI3*(1+(intérêts25!M$34)/(AI$37)) -> 378454.33 | AK3: =B3+D3+G3+J3+M3+P3+S3+V3+Y3+AB3+AE3+AH3 -> 329000 | AL3: =-AK3+AJ3 -> 49454.331 | AM3: =Tableau44[[#This Row],[EP TOTALE]]+Tableau44[[#This Row],[INTERETS]] -> 378454.33 | AO3: 2 | AP3: BANGA NNA Israel | AQ3: 329000 | AR3: 49454.331 | AS3: 378454.33
A4: BISSAI BI NOMBO Fabrice | B4: 107000 | C4: =B4*(1+(intérêts25!B$34)/(B$37)) -> 107941.79 | D4: 56000 | E4: =+D4+C4 -> 163941.79 | F4: =+E4*(1+(intérêts25!C$34)/(E$37)) -> 165557.6 | G4: 7000 | H4: =+F4+G4 -> 172557.6 | I4: =+H4*(1+(intérêts25!D$34)/(H$37)) -> 176561.26 | J4: 7000 | K4: =+I4+J4 -> 183561.26 | L4: =+K4*(1+(intérêts25!E$34)/(K$37)) -> 186250.21 | M4: 7000 | N4: =+L4+M4 -> 193250.21 | O4: =+N4*(1+(intérêts25!F$34)/(N$37)) -> 195513.25 | P4: 7000 | Q4: =+O4+P4 -> 202513.25 | R4: =+Q4*(1+(intérêts25!G$34)/(Q$37)) -> 205157.74 | S4: 7000 | T4: =+R4+S4 -> 212157.74 | U4: =+T4*(1+(intérêts25!H$34)/(T$37)) -> 214994.17 | V4: 7000 | W4: =+U4+V4 -> 221994.17 | X4: =+W4*(1+(intérêts25!I$34)/(W$37)) -> 224627.94 | Z4: =+X4+Y4 -> 224627.94 | AA4: =+Z4*(1+(intérêts25!J$34)/(Z$37)) -> 228754.57 | AC4: =+AA4+AB4 -> 228754.57 | AD4: =+AC4*(1+(intérêts25!K$34)/(AC$37)) -> 232697.85 | AE4: 8000 | AF4: =+AD4+AE4 -> 240697.85 | AG4: =+AF4*(1+(intérêts25!L$34)/(AF$37)) -> 244852.67 | AI4: =+AG4+AH4 -> 244852.67 | AJ4: =+AI4*(1+(intérêts25!M$34)/(AI$37)) -> 244852.67 | AK4: =B4+D4+G4+J4+M4+P4+S4+V4+Y4+AB4+AE4+AH4 -> 213000 | AL4: =-AK4+AJ4 -> 31852.673 | AM4: =Tableau44[[#This Row],[EP TOTALE]]+Tableau44[[#This Row],[INTERETS]] -> 244852.67 | AO4: 3 | AP4: BISSAI BI NOMBO Fabrice | AQ4: 213000 | AR4: 31852.673 | AS4: 244852.67
A5: BOMBA FOUDA Mathieu | B5: 94000 | C5: =B5*(1+(intérêts25!B$34)/(B$37)) -> 94827.369 | E5: =+D5+C5 -> 94827.369 | F5: =+E5*(1+(intérêts25!C$34)/(E$37)) -> 95761.983 | H5: =+F5+G5 -> 95761.983 | I5: =+H5*(1+(intérêts25!D$34)/(H$37)) -> 97983.841 | K5: =+I5+J5 -> 97983.841 | L5: =+K5*(1+(intérêts25!E$34)/(K$37)) -> 99419.19 | N5: =+L5+M5 -> 99419.19 | O5: =+N5*(1+(intérêts25!F$34)/(N$37)) -> 100583.43 | Q5: =+O5+P5 -> 100583.43 | R5: =+Q5*(1+(intérêts25!G$34)/(Q$37)) -> 101896.88 | T5: =+R5+S5 -> 101896.88 | U5: =+T5*(1+(intérêts25!H$34)/(T$37)) -> 103259.19 | W5: =+U5+V5 -> 103259.19 | X5: =+W5*(1+(intérêts25!I$34)/(W$37)) -> 104484.27 | Z5: =+X5+Y5 -> 104484.27 | AA5: =+Z5*(1+(intérêts25!J$34)/(Z$37)) -> 106403.75 | AC5: =+AA5+AB5 -> 106403.75 | AD5: =+AC5*(1+(intérêts25!K$34)/(AC$37)) -> 108237.93 | AE5: 8000 | AF5: =+AD5+AE5 -> 116237.93 | AG5: =+AF5*(1+(intérêts25!L$34)/(AF$37)) -> 118244.39 | AI5: =+AG5+AH5 -> 118244.39 | AJ5: =+AI5*(1+(intérêts25!M$34)/(AI$37)) -> 118244.39 | AK5: =B5+D5+G5+J5+M5+P5+S5+V5+Y5+AB5+AE5+AH5 -> 102000 | AL5: =-AK5+AJ5 -> 16244.385 | AM5: =Tableau44[[#This Row],[EP TOTALE]]+Tableau44[[#This Row],[INTERETS]] -> 118244.39 | AO5: 4 | AP5: BOMBA FOUDA Mathieu | AQ5: 102000 | AR5: 16244.385 | AS5: 118244.39
A6: EBOGO BIKOULA Gilbert | B6: 100000 | C6: =B6*(1+(intérêts25!B$34)/(B$37)) -> 100880.18 | E6: =+D6+C6 -> 100880.18 | F6: =+E6*(1+(intérêts25!C$34)/(E$37)) -> 101874.45 | H6: =+F6+G6 -> 101874.45 | I6: =+H6*(1+(intérêts25!D$34)/(H$37)) -> 104238.13 | K6: =+I6+J6 -> 104238.13 | L6: =+K6*(1+(intérêts25!E$34)/(K$37)) -> 105765.1 | N6: =+L6+M6 -> 105765.1 | O6: =+N6*(1+(intérêts25!F$34)/(N$37)) -> 107003.65 | Q6: =+O6+P6 -> 107003.65 | R6: =+Q6*(1+(intérêts25!G$34)/(Q$37)) -> 108400.94 | T6: =+R6+S6 -> 108400.94 | U6: =+T6*(1+(intérêts25!H$34)/(T$37)) -> 109850.2 | W6: =+U6+V6 -> 109850.2 | X6: =+W6*(1+(intérêts25!I$34)/(W$37)) -> 111153.47 | Z6: =+X6+Y6 -> 111153.47 | AA6: =+Z6*(1+(intérêts25!J$34)/(Z$37)) -> 113195.47 | AC6: =+AA6+AB6 -> 113195.47 | AD6: =+AC6*(1+(intérêts25!K$34)/(AC$37)) -> 115146.74 | AF6: =+AD6+AE6 -> 115146.74 | AG6: =+AF6*(1+(intérêts25!L$34)/(AF$37)) -> 117134.35 | AI6: =+AG6+AH6 -> 117134.35 | AJ6: =+AI6*(1+(intérêts25!M$34)/(AI$37)) -> 117134.35 | AK6: =B6+D6+G6+J6+M6+P6+S6+V6+Y6+AB6+AE6+AH6 -> 100000 | AL6: =-AK6+AJ6 -> 17134.354 | AM6: =Tableau44[[#This Row],[EP TOTALE]]+Tableau44[[#This Row],[INTERETS]] -> 117134.35 | AO6: 5 | AP6: EBOGO BIKOULA Gilbert | AQ6: 100000 | AR6: 17134.354 | AS6: 117134.35
A7: ESSALA Etienne | B7: 160000 | C7: =B7*(1+(intérêts25!B$34)/(B$37)) -> 161408.29 | E7: =+D7+C7 -> 161408.29 | F7: =+E7*(1+(intérêts25!C$34)/(E$37)) -> 162999.12 | H7: =+F7+G7 -> 162999.12 | I7: =+H7*(1+(intérêts25!D$34)/(H$37)) -> 166781.01 | J7: 40000 | K7: =+I7+J7 -> 206781.01 | L7: =+K7*(1+(intérêts25!E$34)/(K$37)) -> 209810.11 | N7: =+L7+M7 -> 209810.11 | O7: =+N7*(1+(intérêts25!F$34)/(N$37)) -> 212267.06 | P7: 10000 | Q7: =+O7+P7 -> 222267.06 | R7: =+Q7*(1+(intérêts25!G$34)/(Q$37)) -> 225169.51 | S7: 50000 | T7: =+R7+S7 -> 275169.51 | U7: =+T7*(1+(intérêts25!H$34)/(T$37)) -> 278848.37 | V7: 35000 | W7: =+U7+V7 -> 313848.37 | X7: =+W7*(1+(intérêts25!I$34)/(W$37)) -> 317571.9 | Z7: =+X7+Y7 -> 317571.9 | AA7: =+Z7*(1+(intérêts25!J$34)/(Z$37)) -> 323406.01 | AB7: 50000 | AC7: =+AA7+AB7 -> 373406.01 | AD7: =+AC7*(1+(intérêts25!K$34)/(AC$37)) -> 379842.79 | AF7: =+AD7+AE7 -> 379842.79 | AG7: =+AF7*(1+(intérêts25!L$34)/(AF$37)) -> 386399.48 | AI7: =+AG7+AH7 -> 386399.48 | AJ7: =+AI7*(1+(intérêts25!M$34)/(AI$37)) -> 386399.48 | AK7: =B7+D7+G7+J7+M7+P7+S7+V7+Y7+AB7+AE7+AH7 -> 345000 | AL7: =-AK7+AJ7 -> 41399.479 | AM7: =Tableau44[[#This Row],[EP TOTALE]]+Tableau44[[#This Row],[INTERETS]] -> 386399.48 | AO7: 6 | AP7: ESSALA Etienne | AQ7: 345000 | AR7: 41399.479 | AS7: 386399.48
A8: ETOA Yves | B8: 100000 | C8: =B8*(1+(intérêts25!B$34)/(B$37)) -> 100880.18 | E8: =+D8+C8 -> 100880.18 | F8: =+E8*(1+(intérêts25!C$34)/(E$37)) -> 101874.45 | G8: 176100 | H8: =+F8+G8 -> 277974.45 | I8: =+H8*(1+(intérêts25!D$34)/(H$37)) -> 284423.98 | J8: 1250000 | K8: =+I8+J8 -> 1534424 | L8: =+K8*(1+(intérêts25!E$34)/(K$37)) -> 1556901.5 | M8: 50000 | N8: =+L8+M8 -> 1606901.5 | O8: =+N8*(1+(intérêts25!F$34)/(N$37)) -> 1625718.9 | P8: 130000 | Q8: =+O8+P8 -> 1755718.9 | R8: =+Q8*(1+(intérêts25!G$34)/(Q$37)) -> 1778645.8 | S8: 50000 | T8: =+R8+S8 -> 1828645.8 | U8: =+T8*(1+(intérêts25!H$34)/(T$37)) -> 1853093.8 | V8: 1250000 | W8: =+U8+V8 -> 3103093.8 | X8: =+W8*(1+(intérêts25!I$34)/(W$37)) -> 3139909.2 | Y8: 100000 | Z8: =+X8+Y8 -> 3239909.2 | AA8: =+Z8*(1+(intérêts25!J$34)/(Z$37)) -> 3299429.5 | AB8: 100000 | AC8: =+AA8+AB8 -> 3399429.5 | AD8: =+AC8*(1+(intérêts25!K$34)/(AC$37)) -> 3458028.9 | AE8: 150000 | AF8: =+AD8+AE8 -> 3608028.9 | AG8: =+AF8*(1+(intérêts25!L$34)/(AF$37)) -> 3670309.2 | AI8: =+AG8+AH8 -> 3670309.2 | AJ8: =+AI8*(1+(intérêts25!M$34)/(AI$37)) -> 3670309.2 | AK8: =B8+D8+G8+J8+M8+P8+S8+V8+Y8+AB8+AE8+AH8 -> 3356100 | AL8: =-AK8+AJ8 -> 314209.21 | AM8: =Tableau44[[#This Row],[EP TOTALE]]+Tableau44[[#This Row],[INTERETS]] -> 3670309.2 | AO8: 7 | AP8: ETOA Yves | AQ8: 3356100 | AR8: 314209.21 | AS8: 3670309.2
A9: EWALA Jacques Philippe | B9: 19000 | C9: =B9*(1+(intérêts25!B$34)/(B$37)) -> 19167.234 | D9: 81000 | E9: =+D9+C9 -> 100167.23 | F9: =+E9*(1+(intérêts25!C$34)/(E$37)) -> 101154.48 | H9: =+F9+G9 -> 101154.48 | I9: =+H9*(1+(intérêts25!D$34)/(H$37)) -> 103501.45 | K9: =+I9+J9 -> 103501.45 | L9: =+K9*(1+(intérêts25!E$34)/(K$37)) -> 105017.63 | N9: =+L9+M9 -> 105017.63 | O9: =+N9*(1+(intérêts25!F$34)/(N$37)) -> 106247.42 | Q9: =+O9+P9 -> 106247.42 | R9: =+Q9*(1+(intérêts25!G$34)/(Q$37)) -> 107634.84 | T9: =+R9+S9 -> 107634.84 | U9: =+T9*(1+(intérêts25!H$34)/(T$37)) -> 109073.86 | W9: =+U9+V9 -> 109073.86 | X9: =+W9*(1+(intérêts25!I$34)/(W$37)) -> 110367.93 | Z9: =+X9+Y9 -> 110367.93 | AA9: =+Z9*(1+(intérêts25!J$34)/(Z$37)) -> 112395.49 | AB9: 0 | AC9: =+AA9+AB9 -> 112395.49 | AD9: =+AC9*(1+(intérêts25!K$34)/(AC$37)) -> 114332.97 | AF9: =+AD9+AE9 -> 114332.97 | AG9: =+AF9*(1+(intérêts25!L$34)/(AF$37)) -> 116306.54 | AI9: =+AG9+AH9 -> 116306.54 | AJ9: =+AI9*(1+(intérêts25!M$34)/(AI$37)) -> 116306.54 | AK9: =B9+D9+G9+J9+M9+P9+S9+V9+Y9+AB9+AE9+AH9 -> 100000 | AL9: =-AK9+AJ9 -> 16306.536 | AM9: =Tableau44[[#This Row],[EP TOTALE]]+Tableau44[[#This Row],[INTERETS]] -> 116306.54 | AO9: 8 | AP9: EWALA Jacques Philippe | AQ9: 100000 | AR9: 16306.536 | AS9: 116306.54
A10: FOTUE KAMGUE Kevin | B10: 100000 | C10: =B10*(1+(intérêts25!B$34)/(B$37)) -> 100880.18 | E10: =+D10+C10 -> 100880.18 | F10: =+E10*(1+(intérêts25!C$34)/(E$37)) -> 101874.45 | H10: =+F10+G10 -> 101874.45 | I10: =+H10*(1+(intérêts25!D$34)/(H$37)) -> 104238.13 | K10: =+I10+J10 -> 104238.13 | L10: =+K10*(1+(intérêts25!E$34)/(K$37)) -> 105765.1 | N10: =+L10+M10 -> 105765.1 | O10: =+N10*(1+(intérêts25!F$34)/(N$37)) -> 107003.65 | Q10: =+O10+P10 -> 107003.65 | R10: =+Q10*(1+(intérêts25!G$34)/(Q$37)) -> 108400.94 | T10: =+R10+S10 -> 108400.94 | U10: =+T10*(1+(intérêts25!H$34)/(T$37)) -> 109850.2 | W10: =+U10+V10 -> 109850.2 | X10: =+W10*(1+(intérêts25!I$34)/(W$37)) -> 111153.47 | Z10: =+X10+Y10 -> 111153.47 | AA10: =+Z10*(1+(intérêts25!J$34)/(Z$37)) -> 113195.47 | AC10: =+AA10+AB10 -> 113195.47 | AD10: =+AC10*(1+(intérêts25!K$34)/(AC$37)) -> 115146.74 | AF10: =+AD10+AE10 -> 115146.74 | AG10: =+AF10*(1+(intérêts25!L$34)/(AF$37)) -> 117134.35 | AI10: =+AG10+AH10 -> 117134.35 | AJ10: =+AI10*(1+(intérêts25!M$34)/(AI$37)) -> 117134.35 | AK10: =B10+D10+G10+J10+M10+P10+S10+V10+Y10+AB10+AE10+AH10 -> 100000 | AL10: =-AK10+AJ10 -> 17134.354 | AM10: =Tableau44[[#This Row],[EP TOTALE]]+Tableau44[[#This Row],[INTERETS]] -> 117134.35 | AO10: 9 | AP10: FOTUE KAMGUE Kevin | AQ10: 100000 | AR10: 17134.354 | AS10: 117134.35
A11: IPOULE Michel Landry | B11: 94000 | C11: =B11*(1+(intérêts25!B$34)/(B$37)) -> 94827.369 | E11: =+D11+C11 -> 94827.369 | F11: =+E11*(1+(intérêts25!C$34)/(E$37)) -> 95761.983 | H11: =+F11+G11 -> 95761.983 | I11: =+H11*(1+(intérêts25!D$34)/(H$37)) -> 97983.841 | K11: =+I11+J11 -> 97983.841 | L11: =+K11*(1+(intérêts25!E$34)/(K$37)) -> 99419.19 | N11: =+L11+M11 -> 99419.19 | O11: =+N11*(1+(intérêts25!F$34)/(N$37)) -> 100583.43 | Q11: =+O11+P11 -> 100583.43 | R11: =+Q11*(1+(intérêts25!G$34)/(Q$37)) -> 101896.88 | T11: =+R11+S11 -> 101896.88 | U11: =+T11*(1+(intérêts25!H$34)/(T$37)) -> 103259.19 | W11: =+U11+V11 -> 103259.19 | X11: =+W11*(1+(intérêts25!I$34)/(W$37)) -> 104484.27 | Z11: =+X11+Y11 -> 104484.27 | AA11: =+Z11*(1+(intérêts25!J$34)/(Z$37)) -> 106403.75 | AB11: 6000 | AC11: =+AA11+AB11 -> 112403.75 | AD11: =+AC11*(1+(intérêts25!K$34)/(AC$37)) -> 114341.36 | AF11: =+AD11+AE11 -> 114341.36 | AG11: =+AF11*(1+(intérêts25!L$34)/(AF$37)) -> 116315.08 | AI11: =+AG11+AH11 -> 116315.08 | AJ11: =+AI11*(1+(intérêts25!M$34)/(AI$37)) -> 116315.08 | AK11: =B11+D11+G11+J11+M11+P11+S11+V11+Y11+AB11+AE11+AH11 -> 100000 | AL11: =-AK11+AJ11 -> 16315.075 | AM11: =Tableau44[[#This Row],[EP TOTALE]]+Tableau44[[#This Row],[INTERETS]] -> 116315.08 | AO11: 10 | AP11: IPOULE Michel Landry | AQ11: 100000 | AR11: 16315.075 | AS11: 116315.08
A12: ITOP Samuel | B12: 200000 | C12: =B12*(1+(intérêts25!B$34)/(B$37)) -> 201760.36 | D12: 100000 | E12: =+D12+C12 -> 301760.36 | F12: =+E12*(1+(intérêts25!C$34)/(E$37)) -> 304734.5 | G12: 200000 | H12: =+F12+G12 -> 504734.5 | I12: =+H12*(1+(intérêts25!D$34)/(H$37)) -> 516445.29 | J12: 200000 | K12: =+I12+J12 -> 716445.29 | L12: =+K12*(1+(intérêts25!E$34)/(K$37)) -> 726940.37 | M12: 100000 | N12: =+L12+M12 -> 826940.37 | O12: =+N12*(1+(intérêts25!F$34)/(N$37)) -> 836624.16 | P12: 100000 | Q12: =+O12+P12 -> 936624.16 | R12: =+Q12*(1+(intérêts25!G$34)/(Q$37)) -> 948854.96 | S12: 100000 | T12: =+R12+S12 -> 1048855 | U12: =+T12*(1+(intérêts25!H$34)/(T$37)) -> 1062877.6 | V12: 100000 | W12: =+U12+V12 -> 1162877.6 | X12: =+W12*(1+(intérêts25!I$34)/(W$37)) -> 1176674.1 | Y12: 100000 | Z12: =+X12+Y12 -> 1276674.1 | AA12: =+Z12*(1+(intérêts25!J$34)/(Z$37)) -> 1300127.8 | AB12: 100000 | AC12: =+AA12+AB12 -> 1400127.8 | AD12: =+AC12*(1+(intérêts25!K$34)/(AC$37)) -> 1424263.2 | AE12: 100000 | AF12: =+AD12+AE12 -> 1524263.2 | AG12: =+AF12*(1+(intérêts25!L$34)/(AF$37)) -> 1550574.4 | AI12: =+AG12+AH12 -> 1550574.4 | AJ12: =+AI12*(1+(intérêts25!M$34)/(AI$37)) -> 1550574.4 | AK12: =B12+D12+G12+J12+M12+P12+S12+V12+Y12+AB12+AE12+AH12 -> 1400000 | AL12: =-AK12+AJ12 -> 150574.44 | AM12: =Tableau44[[#This Row],[EP TOTALE]]+Tableau44[[#This Row],[INTERETS]] -> 1550574.4 | AO12: 11 | AP12: ITOP Samuel | AQ12: 1400000 | AR12: 150574.44 | AS12: 1550574.4
A13: LIKENG BALEBA | B13: 100000 | C13: =B13*(1+(intérêts25!B$34)/(B$37)) -> 100880.18 | E13: =+D13+C13 -> 100880.18 | F13: =+E13*(1+(intérêts25!C$34)/(E$37)) -> 101874.45 | H13: =+F13+G13 -> 101874.45 | I13: =+H13*(1+(intérêts25!D$34)/(H$37)) -> 104238.13 | J13: 2000 | K13: =+I13+J13 -> 106238.13 | L13: =+K13*(1+(intérêts25!E$34)/(K$37)) -> 107794.39 | N13: =+L13+M13 -> 107794.39 | O13: =+N13*(1+(intérêts25!F$34)/(N$37)) -> 109056.71 | Q13: =+O13+P13 -> 109056.71 | R13: =+Q13*(1+(intérêts25!G$34)/(Q$37)) -> 110480.81 | T13: =+R13+S13 -> 110480.81 | U13: =+T13*(1+(intérêts25!H$34)/(T$37)) -> 111957.88 | V13: 5000 | W13: =+U13+V13 -> 116957.88 | X13: =+W13*(1+(intérêts25!I$34)/(W$37)) -> 118345.48 | Z13: =+X13+Y13 -> 118345.48 | AA13: =+Z13*(1+(intérêts25!J$34)/(Z$37)) -> 120519.6 | AC13: =+AA13+AB13 -> 120519.6 | AD13: =+AC13*(1+(intérêts25!K$34)/(AC$37)) -> 122597.12 | AE13: 18000 | AF13: =+AD13+AE13 -> 140597.12 | AG13: =+AF13*(1+(intérêts25!L$34)/(AF$37)) -> 143024.05 | AI13: =+AG13+AH13 -> 143024.05 | AJ13: =+AI13*(1+(intérêts25!M$34)/(AI$37)) -> 143024.05 | AK13: =B13+D13+G13+J13+M13+P13+S13+V13+Y13+AB13+AE13+AH13 -> 125000 | AL13: =-AK13+AJ13 -> 18024.049 | AM13: =Tableau44[[#This Row],[EP TOTALE]]+Tableau44[[#This Row],[INTERETS]] -> 143024.05 | AO13: 12 | AP13: LIKENG BALEBA | AQ13: 125000 | AR13: 18024.049 | AS13: 143024.05
A14: MAMA Paul Yannick | B14: 94000 | C14: =B14*(1+(intérêts25!B$34)/(B$37)) -> 94827.369 | E14: =+D14+C14 -> 94827.369 | F14: =+E14*(1+(intérêts25!C$34)/(E$37)) -> 95761.983 | H14: =+F14+G14 -> 95761.983 | I14: =+H14*(1+(intérêts25!D$34)/(H$37)) -> 97983.841 | J14: 38000 | K14: =+I14+J14 -> 135983.84 | L14: =+K14*(1+(intérêts25!E$34)/(K$37)) -> 137975.85 | N14: =+L14+M14 -> 137975.85 | O14: =+N14*(1+(intérêts25!F$34)/(N$37)) -> 139591.6 | Q14: =+O14+P14 -> 139591.6 | R14: =+Q14*(1+(intérêts25!G$34)/(Q$37)) -> 141414.44 | T14: =+R14+S14 -> 141414.44 | U14: =+T14*(1+(intérêts25!H$34)/(T$37)) -> 143305.07 | W14: =+U14+V14 -> 143305.07 | X14: =+W14*(1+(intérêts25!I$34)/(W$37)) -> 145005.25 | Z14: =+X14+Y14 -> 145005.25 | AA14: =+Z14*(1+(intérêts25!J$34)/(Z$37)) -> 147669.14 | AC14: =+AA14+AB14 -> 147669.14 | AD14: =+AC14*(1+(intérêts25!K$34)/(AC$37)) -> 150214.67 | AF14: =+AD14+AE14 -> 150214.67 | AG14: =+AF14*(1+(intérêts25!L$34)/(AF$37)) -> 152807.61 | AI14: =+AG14+AH14 -> 152807.61 | AJ14: =+AI14*(1+(intérêts25!M$34)/(AI$37)) -> 152807.61 | AK14: =B14+D14+G14+J14+M14+P14+S14+V14+Y14+AB14+AE14+AH14 -> 132000 | AL14: =-AK14+AJ14 -> 20807.61 | AM14: =Tableau44[[#This Row],[EP TOTALE]]+Tableau44[[#This Row],[INTERETS]] -> 152807.61 | AO14: 13 | AP14: MAMA Paul Yannick | AQ14: 132000 | AR14: 20807.61 | AS14: 152807.61
A15: MANI EKOUDI François M. | B15: 0 | C15: =B15*(1+(intérêts25!B$34)/(B$37)) -> 0 | D15: 10000 | E15: =+D15+C15 -> 10000 | F15: =+E15*(1+(intérêts25!C$34)/(E$37)) -> 10098.56 | G15: 20000 | H15: =+F15+G15 -> 30098.56 | I15: =+H15*(1+(intérêts25!D$34)/(H$37)) -> 30796.903 | J15: 50000 | K15: =+I15+J15 -> 80796.903 | L15: =+K15*(1+(intérêts25!E$34)/(K$37)) -> 81980.483 | M15: 100000 | N15: =+L15+M15 -> 181980.48 | O15: =+N15*(1+(intérêts25!F$34)/(N$37)) -> 184111.54 | Q15: =+O15+P15 -> 184111.54 | R15: =+Q15*(1+(intérêts25!G$34)/(Q$37)) -> 186515.74 | T15: =+R15+S15 -> 186515.74 | U15: =+T15*(1+(intérêts25!H$34)/(T$37)) -> 189009.35 | W15: =+U15+V15 -> 189009.35 | X15: =+W15*(1+(intérêts25!I$34)/(W$37)) -> 191251.78 | Z15: =+X15+Y15 -> 191251.78 | AA15: =+Z15*(1+(intérêts25!J$34)/(Z$37)) -> 194765.27 | AC15: =+AA15+AB15 -> 194765.27 | AD15: =+AC15*(1+(intérêts25!K$34)/(AC$37)) -> 198122.63 | AF15: =+AD15+AE15 -> 198122.63 | AG15: =+AF15*(1+(intérêts25!L$34)/(AF$37)) -> 201542.54 | AI15: =+AG15+AH15 -> 201542.54 | AJ15: =+AI15*(1+(intérêts25!M$34)/(AI$37)) -> 201542.54 | AK15: =B15+D15+G15+J15+M15+P15+S15+V15+Y15+AB15+AE15+AH15 -> 180000 | AL15: =-AK15+AJ15 -> 21542.542 | AM15: =Tableau44[[#This Row],[EP TOTALE]]+Tableau44[[#This Row],[INTERETS]] -> 201542.54 | AO15: 14 | AP15: MANI EKOUDI François M. | AQ15: 180000 | AR15: 21542.542 | AS15: 201542.54
A16: MBA ENYOUGOU Bernard | B16: 52000 | C16: =B16*(1+(intérêts25!B$34)/(B$37)) -> 52457.693 | E16: =+D16+C16 -> 52457.693 | F16: =+E16*(1+(intérêts25!C$34)/(E$37)) -> 52974.714 | G16: 20000 | H16: =+F16+G16 -> 72974.714 | I16: =+H16*(1+(intérêts25!D$34)/(H$37)) -> 74667.865 | J16: 10000 | K16: =+I16+J16 -> 84667.865 | L16: =+K16*(1+(intérêts25!E$34)/(K$37)) -> 85908.15 | N16: =+L16+M16 -> 85908.15 | O16: =+N16*(1+(intérêts25!F$34)/(N$37)) -> 86914.167 | Q16: =+O16+P16 -> 86914.167 | R16: =+Q16*(1+(intérêts25!G$34)/(Q$37)) -> 88049.126 | T16: =+R16+S16 -> 88049.126 | U16: =+T16*(1+(intérêts25!H$34)/(T$37)) -> 89226.294 | W16: =+U16+V16 -> 89226.294 | X16: =+W16*(1+(intérêts25!I$34)/(W$37)) -> 90284.884 | Z16: =+X16+Y16 -> 90284.884 | AA16: =+Z16*(1+(intérêts25!J$34)/(Z$37)) -> 91943.506 | AB16: 7000 | AC16: =+AA16+AB16 -> 98943.506 | AD16: =+AC16*(1+(intérêts25!K$34)/(AC$37)) -> 100649.1 | AF16: =+AD16+AE16 -> 100649.1 | AG16: =+AF16*(1+(intérêts25!L$34)/(AF$37)) -> 102386.46 | AI16: =+AG16+AH16 -> 102386.46 | AJ16: =+AI16*(1+(intérêts25!M$34)/(AI$37)) -> 102386.46 | AK16: =B16+D16+G16+J16+M16+P16+S16+V16+Y16+AB16+AE16+AH16 -> 89000 | AL16: =-AK16+AJ16 -> 13386.458 | AM16: =Tableau44[[#This Row],[EP TOTALE]]+Tableau44[[#This Row],[INTERETS]] -> 102386.46 | AO16: 15 | AP16: MBA ENYOUGOU Bernard | AQ16: 89000 | AR16: 13386.458 | AS16: 102386.46
A17: MBADI Homer Paul | B17: 33000 | C17: =B17*(1+(intérêts25!B$34)/(B$37)) -> 33290.459 | D17: 1000000 | E17: =+D17+C17 -> 1033290.5 | F17: =+E17*(1+(intérêts25!C$34)/(E$37)) -> 1043474.5 | G17: 500000 | H17: =+F17+G17 -> 1543474.5 | I17: =+H17*(1+(intérêts25!D$34)/(H$37)) -> 1579286 | K17: =+I17+J17 -> 1579286 | L17: =+K17*(1+(intérêts25!E$34)/(K$37)) -> 1602420.7 | M17: 500000 | N17: =+L17+M17 -> 2102420.7 | O17: =+N17*(1+(intérêts25!F$34)/(N$37)) -> 2127040.9 | P17: 500000 | Q17: =+O17+P17 -> 2627040.9 | R17: =+Q17*(1+(intérêts25!G$34)/(Q$37)) -> 2661345.8 | S17: 500000 | T17: =+R17+S17 -> 3161345.8 | U17: =+T17*(1+(intérêts25!H$34)/(T$37)) -> 3203611.2 | V17: 500000 | W17: =+U17+V17 -> 3703611.2 | X17: =+W17*(1+(intérêts25!I$34)/(W$37)) -> 3747551.2 | Y17: 500000 | Z17: =+X17+Y17 -> 4247551.2 | AA17: =+Z17*(1+(intérêts25!J$34)/(Z$37)) -> 4325583 | AB17: 500000 | AC17: =+AA17+AB17 -> 4825583 | AD17: =+AC17*(1+(intérêts25!K$34)/(AC$37)) -> 4908766.4 | AE17: 500000 | AF17: =+AD17+AE17 -> 5408766.4 | AG17: =+AF17*(1+(intérêts25!L$34)/(AF$37)) -> 5502130.3 | AI17: =+AG17+AH17 -> 5502130.3 | AJ17: =+AI17*(1+(intérêts25!M$34)/(AI$37)) -> 5502130.3 | AK17: =B17+D17+G17+J17+M17+P17+S17+V17+Y17+AB17+AE17+AH17 -> 5033000 | AL17: =-AK17+AJ17 -> 469130.29 | AM17: =Tableau44[[#This Row],[EP TOTALE]]+Tableau44[[#This Row],[INTERETS]] -> 5502130.3 | AO17: 16 | AP17: MBADI Homer Paul | AQ17: 5033000 | AR17: 469130.29 | AS17: 5502130.3
A18: MBAMBA NSOA Jean Paul | B18: 200000 | C18: =B18*(1+(intérêts25!B$34)/(B$37)) -> 201760.36 | D18: 100000 | E18: =+D18+C18 -> 301760.36 | F18: =+E18*(1+(intérêts25!C$34)/(E$37)) -> 304734.5 | H18: =+F18+G18 -> 304734.5 | I18: =+H18*(1+(intérêts25!D$34)/(H$37)) -> 311804.91 | K18: =+I18+J18 -> 311804.91 | L18: =+K18*(1+(intérêts25!E$34)/(K$37)) -> 316372.49 | M18: 100000 | N18: =+L18+M18 -> 416372.49 | O18: =+N18*(1+(intérêts25!F$34)/(N$37)) -> 421248.37 | Q18: =+O18+P18 -> 421248.37 | R18: =+Q18*(1+(intérêts25!G$34)/(Q$37)) -> 426749.19 | S18: 100000 | T18: =+R18+S18 -> 526749.19 | U18: =+T18*(1+(intérêts25!H$34)/(T$37)) -> 533791.53 | W18: =+U18+V18 -> 533791.53 | X18: =+W18*(1+(intérêts25!I$34)/(W$37)) -> 540124.49 | Z18: =+X18+Y18 -> 540124.49 | AA18: =+Z18*(1+(intérêts25!J$34)/(Z$37)) -> 550047.11 | AC18: =+AA18+AB18 -> 550047.11 | AD18: =+AC18*(1+(intérêts25!K$34)/(AC$37)) -> 559528.83 | AE18: 18000 | AF18: =+AD18+AE18 -> 577528.83 | AG18: =+AF18*(1+(intérêts25!L$34)/(AF$37)) -> 587497.89 | AI18: =+AG18+AH18 -> 587497.89 | AJ18: =+AI18*(1+(intérêts25!M$34)/(AI$37)) -> 587497.89 | AK18: =B18+D18+G18+J18+M18+P18+S18+V18+Y18+AB18+AE18+AH18 -> 518000 | AL18: =-AK18+AJ18 -> 69497.893 | AM18: =Tableau44[[#This Row],[EP TOTALE]]+Tableau44[[#This Row],[INTERETS]] -> 587497.89 | AO18: 17 | AP18: MBAMBA NSOA Jean Paul | AQ18: 518000 | AR18: 69497.893 | AS18: 587497.89
A19: MENGUE François Xavier | B19: 40000 | C19: =B19*(1+(intérêts25!B$34)/(B$37)) -> 40352.072 | E19: =+D19+C19 -> 40352.072 | F19: =+E19*(1+(intérêts25!C$34)/(E$37)) -> 40749.78 | H19: =+F19+G19 -> 40749.78 | I19: =+H19*(1+(intérêts25!D$34)/(H$37)) -> 41695.252 | K19: =+I19+J19 -> 41695.252 | L19: =+K19*(1+(intérêts25!E$34)/(K$37)) -> 42306.038 | N19: =+L19+M19 -> 42306.038 | O19: =+N19*(1+(intérêts25!F$34)/(N$37)) -> 42801.458 | P19: 88000 | Q19: =+O19+P19 -> 130801.46 | R19: =+Q19*(1+(intérêts25!G$34)/(Q$37)) -> 132509.51 | T19: =+R19+S19 -> 132509.51 | U19: =+T19*(1+(intérêts25!H$34)/(T$37)) -> 134281.09 | W19: =+U19+V19 -> 134281.09 | X19: =+W19*(1+(intérêts25!I$34)/(W$37)) -> 135874.22 | Z19: =+X19+Y19 -> 135874.22 | AA19: =+Z19*(1+(intérêts25!J$34)/(Z$37)) -> 138370.36 | AC19: =+AA19+AB19 -> 138370.36 | AD19: =+AC19*(1+(intérêts25!K$34)/(AC$37)) -> 140755.59 | AF19: =+AD19+AE19 -> 140755.59 | AG19: =+AF19*(1+(intérêts25!L$34)/(AF$37)) -> 143185.26 | AI19: =+AG19+AH19 -> 143185.26 | AJ19: =+AI19*(1+(intérêts25!M$34)/(AI$37)) -> 143185.26 | AK19: =B19+D19+G19+J19+M19+P19+S19+V19+Y19+AB19+AE19+AH19 -> 128000 | AL19: =-AK19+AJ19 -> 15185.255 | AM19: =Tableau44[[#This Row],[EP TOTALE]]+Tableau44[[#This Row],[INTERETS]] -> 143185.26 | AO19: 18 | AP19: MENGUE François Xavier | AQ19: 128000 | AR19: 15185.255 | AS19: 143185.26
A20: MIONG RIGOBERT Dieudonné | B20: 100000 | C20: =B20*(1+(intérêts25!B$34)/(B$37)) -> 100880.18 | E20: =+D20+C20 -> 100880.18 | F20: =+E20*(1+(intérêts25!C$34)/(E$37)) -> 101874.45 | H20: =+F20+G20 -> 101874.45 | I20: =+H20*(1+(intérêts25!D$34)/(H$37)) -> 104238.13 | J20: 20000 | K20: =+I20+J20 -> 124238.13 | L20: =+K20*(1+(intérêts25!E$34)/(K$37)) -> 126058.07 | N20: =+L20+M20 -> 126058.07 | O20: =+N20*(1+(intérêts25!F$34)/(N$37)) -> 127534.26 | Q20: =+O20+P20 -> 127534.26 | R20: =+Q20*(1+(intérêts25!G$34)/(Q$37)) -> 129199.65 | T20: =+R20+S20 -> 129199.65 | U20: =+T20*(1+(intérêts25!H$34)/(T$37)) -> 130926.98 | W20: =+U20+V20 -> 130926.98 | X20: =+W20*(1+(intérêts25!I$34)/(W$37)) -> 132480.31 | Z20: =+X20+Y20 -> 132480.31 | AA20: =+Z20*(1+(intérêts25!J$34)/(Z$37)) -> 134914.11 | AC20: =+AA20+AB20 -> 134914.11 | AD20: =+AC20*(1+(intérêts25!K$34)/(AC$37)) -> 137239.76 | AF20: =+AD20+AE20 -> 137239.76 | AG20: =+AF20*(1+(intérêts25!L$34)/(AF$37)) -> 139608.73 | AI20: =+AG20+AH20 -> 139608.73 | AJ20: =+AI20*(1+(intérêts25!M$34)/(AI$37)) -> 139608.73 | AK20: =B20+D20+G20+J20+M20+P20+S20+V20+Y20+AB20+AE20+AH20 -> 120000 | AL20: =-AK20+AJ20 -> 19608.731 | AM20: =Tableau44[[#This Row],[EP TOTALE]]+Tableau44[[#This Row],[INTERETS]] -> 139608.73 | AO20: 19 | AP20: MIONG RIGOBERT Dieudonné | AQ20: 120000 | AR20: 19608.731 | AS20: 139608.73
A21: NDJOCK Thaddée Rodrigue | B21: 0 | C21: =B21*(1+(intérêts25!B$34)/(B$37)) -> 0 | E21: =+D21+C21 -> 0 | F21: =+E21*(1+(intérêts25!C$34)/(E$37)) -> 0 | G21: 6000 | H21: =+F21+G21 -> 6000 | I21: =+H21*(1+(intérêts25!D$34)/(H$37)) -> 6139.2113 | K21: =+I21+J21 -> 6139.2113 | L21: =+K21*(1+(intérêts25!E$34)/(K$37)) -> 6229.1436 | N21: =+L21+M21 -> 6229.1436 | O21: =+N21*(1+(intérêts25!F$34)/(N$37)) -> 6302.0892 | Q21: =+O21+P21 -> 6302.0892 | R21: =+Q21*(1+(intérêts25!G$34)/(Q$37)) -> 6384.3843 | T21: =+R21+S21 -> 6384.3843 | U21: =+T21*(1+(intérêts25!H$34)/(T$37)) -> 6469.74 | W21: =+U21+V21 -> 6469.74 | X21: =+W21*(1+(intérêts25!I$34)/(W$37)) -> 6546.4976 | Z21: =+X21+Y21 -> 6546.4976 | AA21: =+Z21*(1+(intérêts25!J$34)/(Z$37)) -> 6666.7633 | AC21: =+AA21+AB21 -> 6666.7633 | AD21: =+AC21*(1+(intérêts25!K$34)/(AC$37)) -> 6781.685 | AF21: =+AD21+AE21 -> 6781.685 | AG21: =+AF21*(1+(intérêts25!L$34)/(AF$37)) -> 6898.7476 | AI21: =+AG21+AH21 -> 6898.7476 | AJ21: =+AI21*(1+(intérêts25!M$34)/(AI$37)) -> 6898.7476 | AK21: =B21+D21+G21+J21+M21+P21+S21+V21+Y21+AB21+AE21+AH21 -> 6000 | AL21: =-AK21+AJ21 -> 898.74763 | AM21: =Tableau44[[#This Row],[EP TOTALE]]+Tableau44[[#This Row],[INTERETS]] -> 6898.7476 | AO21: 20 | AP21: NDJOCK Thaddée Rodrigue | AQ21: 6000 | AR21: 898.74763 | AS21: 6898.7476
A22: NKOLO NGAH Emmanuel | B22: 100000 | C22: =B22*(1+(intérêts25!B$34)/(B$37)) -> 100880.18 | E22: =+D22+C22 -> 100880.18 | F22: =+E22*(1+(intérêts25!C$34)/(E$37)) -> 101874.45 | H22: =+F22+G22 -> 101874.45 | I22: =+H22*(1+(intérêts25!D$34)/(H$37)) -> 104238.13 | K22: =+I22+J22 -> 104238.13 | L22: =+K22*(1+(intérêts25!E$34)/(K$37)) -> 105765.1 | N22: =+L22+M22 -> 105765.1 | O22: =+N22*(1+(intérêts25!F$34)/(N$37)) -> 107003.65 | Q22: =+O22+P22 -> 107003.65 | R22: =+Q22*(1+(intérêts25!G$34)/(Q$37)) -> 108400.94 | T22: =+R22+S22 -> 108400.94 | U22: =+T22*(1+(intérêts25!H$34)/(T$37)) -> 109850.2 | W22: =+U22+V22 -> 109850.2 | X22: =+W22*(1+(intérêts25!I$34)/(W$37)) -> 111153.47 | Z22: =+X22+Y22 -> 111153.47 | AA22: =+Z22*(1+(intérêts25!J$34)/(Z$37)) -> 113195.47 | AC22: =+AA22+AB22 -> 113195.47 | AD22: =+AC22*(1+(intérêts25!K$34)/(AC$37)) -> 115146.74 | AE22: 8000 | AF22: =+AD22+AE22 -> 123146.74 | AG22: =+AF22*(1+(intérêts25!L$34)/(AF$37)) -> 125272.45 | AI22: =+AG22+AH22 -> 125272.45 | AJ22: =+AI22*(1+(intérêts25!M$34)/(AI$37)) -> 125272.45 | AK22: =B22+D22+G22+J22+M22+P22+S22+V22+Y22+AB22+AE22+AH22 -> 108000 | AL22: =-AK22+AJ22 -> 17272.446 | AM22: =Tableau44[[#This Row],[EP TOTALE]]+Tableau44[[#This Row],[INTERETS]] -> 125272.45 | AO22: 21 | AP22: NKOLO NGAH Emmanuel | AQ22: 108000 | AR22: 17272.446 | AS22: 125272.45
A23: NOAH Patrick Michel Brice | C23: =B23*(1+(intérêts25!B$34)/(B$37)) -> 0 | E23: =+D23+C23 -> 0 | F23: =+E23*(1+(intérêts25!C$34)/(E$37)) -> 0 | G23: 100000 | H23: =+F23+G23 -> 100000 | I23: =+H23*(1+(intérêts25!D$34)/(H$37)) -> 102320.19 | K23: =+I23+J23 -> 102320.19 | L23: =+K23*(1+(intérêts25!E$34)/(K$37)) -> 103819.06 | M23: 100000 | N23: =+L23+M23 -> 203819.06 | O23: =+N23*(1+(intérêts25!F$34)/(N$37)) -> 206205.86 | Q23: =+O23+P23 -> 206205.86 | R23: =+Q23*(1+(intérêts25!G$34)/(Q$37)) -> 208898.57 | T23: =+R23+S23 -> 208898.57 | U23: =+T23*(1+(intérêts25!H$34)/(T$37)) -> 211691.43 | W23: =+U23+V23 -> 211691.43 | X23: =+W23*(1+(intérêts25!I$34)/(W$37)) -> 214202.96 | Z23: =+X23+Y23 -> 214202.96 | AA23: =+Z23*(1+(intérêts25!J$34)/(Z$37)) -> 218138.08 | AC23: =+AA23+AB23 -> 218138.08 | AD23: =+AC23*(1+(intérêts25!K$34)/(AC$37)) -> 221898.35 | AF23: =+AD23+AE23 -> 221898.35 | AG23: =+AF23*(1+(intérêts25!L$34)/(AF$37)) -> 225728.66 | AI23: =+AG23+AH23 -> 225728.66 | AJ23: =+AI23*(1+(intérêts25!M$34)/(AI$37)) -> 225728.66 | AK23: =B23+D23+G23+J23+M23+P23+S23+V23+Y23+AB23+AE23+AH23 -> 200000 | AL23: =-AK23+AJ23 -> 25728.664 | AM23: =Tableau44[[#This Row],[EP TOTALE]]+Tableau44[[#This Row],[INTERETS]] -> 225728.66 | AO23: 22 | AP23: NOAH Patrick Michel Brice | AQ23: 200000 | AR23: 25728.664 | AS23: 225728.66
A24: NONBO Marc | B24: 0 | C24: =B24*(1+(intérêts25!B$34)/(B$37)) -> 0 | E24: =+D24+C24 -> 0 | F24: =+E24*(1+(intérêts25!C$34)/(E$37)) -> 0 | H24: =+F24+G24 -> 0 | I24: =+H24*(1+(intérêts25!D$34)/(H$37)) -> 0 | K24: =+I24+J24 -> 0 | L24: =+K24*(1+(intérêts25!E$34)/(K$37)) -> 0 | N24: =+L24+M24 -> 0 | O24: =+N24*(1+(intérêts25!F$34)/(N$37)) -> 0 | Q24: =+O24+P24 -> 0 | R24: =+Q24*(1+(intérêts25!G$34)/(Q$37)) -> 0 | T24: =+R24+S24 -> 0 | U24: =+T24*(1+(intérêts25!H$34)/(T$37)) -> 0 | W24: =+U24+V24 -> 0 | X24: =+W24*(1+(intérêts25!I$34)/(W$37)) -> 0 | Y24: 100000 | Z24: =+X24+Y24 -> 100000 | AA24: =+Z24*(1+(intérêts25!J$34)/(Z$37)) -> 101837.1 | AC24: =+AA24+AB24 -> 101837.1 | AD24: =+AC24*(1+(intérêts25!K$34)/(AC$37)) -> 103592.57 | AF24: =+AD24+AE24 -> 103592.57 | AG24: =+AF24*(1+(intérêts25!L$34)/(AF$37)) -> 105380.74 | AI24: =+AG24+AH24 -> 105380.74 | AJ24: =+AI24*(1+(intérêts25!M$34)/(AI$37)) -> 105380.74 | AK24: =B24+D24+G24+J24+M24+P24+S24+V24+Y24+AB24+AE24+AH24 -> 100000 | AL24: =-AK24+AJ24 -> 5380.7396 | AM24: =Tableau44[[#This Row],[EP TOTALE]]+Tableau44[[#This Row],[INTERETS]] -> 105380.74 | AO24: 23 | AP24: NONBO Marc | AQ24: 100000 | AR24: 5380.7396 | AS24: 105380.74
A25: NSOA MBONDO Pierre | B25: 100500 | C25: =B25*(1+(intérêts25!B$34)/(B$37)) -> 101384.58 | E25: =+D25+C25 -> 101384.58 | F25: =+E25*(1+(intérêts25!C$34)/(E$37)) -> 102383.82 | H25: =+F25+G25 -> 102383.82 | I25: =+H25*(1+(intérêts25!D$34)/(H$37)) -> 104759.32 | K25: =+I25+J25 -> 104759.32 | L25: =+K25*(1+(intérêts25!E$34)/(K$37)) -> 106293.92 | N25: =+L25+M25 -> 106293.92 | O25: =+N25*(1+(intérêts25!F$34)/(N$37)) -> 107538.66 | Q25: =+O25+P25 -> 107538.66 | R25: =+Q25*(1+(intérêts25!G$34)/(Q$37)) -> 108942.95 | T25: =+R25+S25 -> 108942.95 | U25: =+T25*(1+(intérêts25!H$34)/(T$37)) -> 110399.45 | W25: =+U25+V25 -> 110399.45 | X25: =+W25*(1+(intérêts25!I$34)/(W$37)) -> 111709.24 | Z25: =+X25+Y25 -> 111709.24 | AA25: =+Z25*(1+(intérêts25!J$34)/(Z$37)) -> 113761.45 | AC25: =+AA25+AB25 -> 113761.45 | AD25: =+AC25*(1+(intérêts25!K$34)/(AC$37)) -> 115722.47 | AF25: =+AD25+AE25 -> 115722.47 | AG25: =+AF25*(1+(intérêts25!L$34)/(AF$37)) -> 117720.03 | AI25: =+AG25+AH25 -> 117720.03 | AJ25: =+AI25*(1+(intérêts25!M$34)/(AI$37)) -> 117720.03 | AK25: =B25+D25+G25+J25+M25+P25+S25+V25+Y25+AB25+AE25+AH25 -> 100500 | AL25: =-AK25+AJ25 -> 17220.025 | AM25: =Tableau44[[#This Row],[EP TOTALE]]+Tableau44[[#This Row],[INTERETS]] -> 117720.03 | AO25: 24 | AP25: NSOA MBONDO Pierre | AQ25: 100500 | AR25: 17220.025 | AS25: 117720.03
A26: NSOE NKOULI Jean-Baptiste | B26: 100000 | C26: =B26*(1+(intérêts25!B$34)/(B$37)) -> 100880.18 | E26: =+D26+C26 -> 100880.18 | F26: =+E26*(1+(intérêts25!C$34)/(E$37)) -> 101874.45 | H26: =+F26+G26 -> 101874.45 | I26: =+H26*(1+(intérêts25!D$34)/(H$37)) -> 104238.13 | K26: =+I26+J26 -> 104238.13 | L26: =+K26*(1+(intérêts25!E$34)/(K$37)) -> 105765.1 | N26: =+L26+M26 -> 105765.1 | O26: =+N26*(1+(intérêts25!F$34)/(N$37)) -> 107003.65 | Q26: =+O26+P26 -> 107003.65 | R26: =+Q26*(1+(intérêts25!G$34)/(Q$37)) -> 108400.94 | T26: =+R26+S26 -> 108400.94 | U26: =+T26*(1+(intérêts25!H$34)/(T$37)) -> 109850.2 | W26: =+U26+V26 -> 109850.2 | X26: =+W26*(1+(intérêts25!I$34)/(W$37)) -> 111153.47 | Y26: 0 | Z26: =+X26+Y26 -> 111153.47 | AA26: =+Z26*(1+(intérêts25!J$34)/(Z$37)) -> 113195.47 | AC26: =+AA26+AB26 -> 113195.47 | AD26: =+AC26*(1+(intérêts25!K$34)/(AC$37)) -> 115146.74 | AE26: 150000 | AF26: =+AD26+AE26 -> 265146.74 | AG26: =+AF26*(1+(intérêts25!L$34)/(AF$37)) -> 269723.59 | AI26: =+AG26+AH26 -> 269723.59 | AJ26: =+AI26*(1+(intérêts25!M$34)/(AI$37)) -> 269723.59 | AK26: =B26+D26+G26+J26+M26+P26+S26+V26+Y26+AB26+AE26+AH26 -> 250000 | AL26: =-AK26+AJ26 -> 19723.592 | AM26: =Tableau44[[#This Row],[EP TOTALE]]+Tableau44[[#This Row],[INTERETS]] -> 269723.59 | AO26: 25 | AP26: NSOE NKOULI Jean-Baptiste | AQ26: 250000 | AR26: 19723.592 | AS26: 269723.59
A27: NYECK PONDI Etienne | B27: 600000 | C27: =B27*(1+(intérêts25!B$34)/(B$37)) -> 605281.08 | E27: =+D27+C27 -> 605281.08 | F27: =+E27*(1+(intérêts25!C$34)/(E$37)) -> 611246.7 | H27: =+F27+G27 -> 611246.7 | I27: =+H27*(1+(intérêts25!D$34)/(H$37)) -> 625428.77 | K27: =+I27+J27 -> 625428.77 | L27: =+K27*(1+(intérêts25!E$34)/(K$37)) -> 634590.58 | M27: 150000 | N27: =+L27+M27 -> 784590.58 | O27: =+N27*(1+(intérêts25!F$34)/(N$37)) -> 793778.43 | Q27: =+O27+P27 -> 793778.43 | R27: =+Q27*(1+(intérêts25!G$34)/(Q$37)) -> 804143.9 | T27: =+R27+S27 -> 804143.9 | U27: =+T27*(1+(intérêts25!H$34)/(T$37)) -> 814894.85 | W27: =+U27+V27 -> 814894.85 | X27: =+W27*(1+(intérêts25!I$34)/(W$37)) -> 824562.85 | Z27: =+X27+Y27 -> 824562.85 | AA27: =+Z27*(1+(intérêts25!J$34)/(Z$37)) -> 839710.88 | AC27: =+AA27+AB27 -> 839710.88 | AD27: =+AC27*(1+(intérêts25!K$34)/(AC$37)) -> 854185.82 | AF27: =+AD27+AE27 -> 854185.82 | AG27: =+AF27*(1+(intérêts25!L$34)/(AF$37)) -> 868930.43 | AI27: =+AG27+AH27 -> 868930.43 | AJ27: =+AI27*(1+(intérêts25!M$34)/(AI$37)) -> 868930.43 | AK27: =B27+D27+G27+J27+M27+P27+S27+V27+Y27+AB27+AE27+AH27 -> 750000 | AL27: =-AK27+AJ27 -> 118930.43 | AM27: =Tableau44[[#This Row],[EP TOTALE]]+Tableau44[[#This Row],[INTERETS]] -> 868930.43 | AO27: 26 | AP27: NYECK PONDI Etienne | AQ27: 750000 | AR27: 118930.43 | AS27: 868930.43
A28: OMGBA FOUDA Simon Pierre | B28: 54000 | C28: =B28*(1+(intérêts25!B$34)/(B$37)) -> 54475.297 | D28: 100000 | E28: =+D28+C28 -> 154475.3 | F28: =+E28*(1+(intérêts25!C$34)/(E$37)) -> 155997.8 | G28: 50000 | H28: =+F28+G28 -> 205997.8 | I28: =+H28*(1+(intérêts25!D$34)/(H$37)) -> 210777.34 | K28: =+I28+J28 -> 210777.34 | L28: =+K28*(1+(intérêts25!E$34)/(K$37)) -> 213864.98 | N28: =+L28+M28 -> 213864.98 | O28: =+N28*(1+(intérêts25!F$34)/(N$37)) -> 216369.42 | Q28: =+O28+P28 -> 216369.42 | R28: =+Q28*(1+(intérêts25!G$34)/(Q$37)) -> 219194.85 | T28: =+R28+S28 -> 219194.85 | U28: =+T28*(1+(intérêts25!H$34)/(T$37)) -> 222125.37 | W28: =+U28+V28 -> 222125.37 | X28: =+W28*(1+(intérêts25!I$34)/(W$37)) -> 224760.68 | Y28: 100000 | Z28: =+X28+Y28 -> 324760.68 | AA28: =+Z28*(1+(intérêts25!J$34)/(Z$37)) -> 330726.86 | AC28: =+AA28+AB28 -> 330726.86 | AD28: =+AC28*(1+(intérêts25!K$34)/(AC$37)) -> 336427.93 | AF28: =+AD28+AE28 -> 336427.93 | AG28: =+AF28*(1+(intérêts25!L$34)/(AF$37)) -> 342235.21 | AI28: =+AG28+AH28 -> 342235.21 | AJ28: =+AI28*(1+(intérêts25!M$34)/(AI$37)) -> 342235.21 | AK28: =B28+D28+G28+J28+M28+P28+S28+V28+Y28+AB28+AE28+AH28 -> 304000 | AL28: =-AK28+AJ28 -> 38235.21 | AM28: =Tableau44[[#This Row],[EP TOTALE]]+Tableau44[[#This Row],[INTERETS]] -> 342235.21 | AO28: 27 | AP28: OMGBA FOUDA Simon Pierre | AQ28: 304000 | AR28: 38235.21 | AS28: 342235.21
A29: OMGBA MIMBOE Gaetan | B29: 300000 | C29: =B29*(1+(intérêts25!B$34)/(B$37)) -> 302640.54 | D29: 50000 | E29: =+D29+C29 -> 352640.54 | F29: =+E29*(1+(intérêts25!C$34)/(E$37)) -> 356116.15 | H29: =+F29+G29 -> 356116.15 | I29: =+H29*(1+(intérêts25!D$34)/(H$37)) -> 364378.71 | J29: 97000 | K29: =+I29+J29 -> 461378.71 | L29: =+K29*(1+(intérêts25!E$34)/(K$37)) -> 468137.37 | M29: 200000 | N29: =+L29+M29 -> 668137.37 | O29: =+N29*(1+(intérêts25!F$34)/(N$37)) -> 675961.51 | P29: 50000 | Q29: =+O29+P29 -> 725961.51 | R29: =+Q29*(1+(intérêts25!G$34)/(Q$37)) -> 735441.4 | T29: =+R29+S29 -> 735441.4 | U29: =+T29*(1+(intérêts25!H$34)/(T$37)) -> 745273.84 | W29: =+U29+V29 -> 745273.84 | X29: =+W29*(1+(intérêts25!I$34)/(W$37)) -> 754115.85 | Y29: 50000 | Z29: =+X29+Y29 -> 804115.85 | AA29: =+Z29*(1+(intérêts25!J$34)/(Z$37)) -> 818888.25 | AC29: =+AA29+AB29 -> 818888.25 | AD29: =+AC29*(1+(intérêts25!K$34)/(AC$37)) -> 833004.25 | AF29: =+AD29+AE29 -> 833004.25 | AG29: =+AF29*(1+(intérêts25!L$34)/(AF$37)) -> 847383.23 | AI29: =+AG29+AH29 -> 847383.23 | AJ29: =+AI29*(1+(intérêts25!M$34)/(AI$37)) -> 847383.23 | AK29: =B29+D29+G29+J29+M29+P29+S29+V29+Y29+AB29+AE29+AH29 -> 747000 | AL29: =-AK29+AJ29 -> 100383.23 | AM29: =Tableau44[[#This Row],[EP TOTALE]]+Tableau44[[#This Row],[INTERETS]] -> 847383.23 | AO29: 28 | AP29: OMGBA MIMBOE Gaetan | AQ29: 747000 | AR29: 100383.23 | AS29: 847383.23
A30: ONANA NKADA Laurent S. | B30: 106000 | C30: =B30*(1+(intérêts25!B$34)/(B$37)) -> 106932.99 | E30: =+D30+C30 -> 106932.99 | F30: =+E30*(1+(intérêts25!C$34)/(E$37)) -> 107986.92 | H30: =+F30+G30 -> 107986.92 | I30: =+H30*(1+(intérêts25!D$34)/(H$37)) -> 110492.42 | K30: =+I30+J30 -> 110492.42 | L30: =+K30*(1+(intérêts25!E$34)/(K$37)) -> 112111 | N30: =+L30+M30 -> 112111 | O30: =+N30*(1+(intérêts25!F$34)/(N$37)) -> 113423.86 | Q30: =+O30+P30 -> 113423.86 | R30: =+Q30*(1+(intérêts25!G$34)/(Q$37)) -> 114905 | T30: =+R30+S30 -> 114905 | U30: =+T30*(1+(intérêts25!H$34)/(T$37)) -> 116441.21 | W30: =+U30+V30 -> 116441.21 | X30: =+W30*(1+(intérêts25!I$34)/(W$37)) -> 117822.68 | Y30: 5000 | Z30: =+X30+Y30 -> 122822.68 | AA30: =+Z30*(1+(intérêts25!J$34)/(Z$37)) -> 125079.06 | AC30: =+AA30+AB30 -> 125079.06 | AD30: =+AC30*(1+(intérêts25!K$34)/(AC$37)) -> 127235.17 | AF30: =+AD30+AE30 -> 127235.17 | AG30: =+AF30*(1+(intérêts25!L$34)/(AF$37)) -> 129431.45 | AI30: =+AG30+AH30 -> 129431.45 | AJ30: =+AI30*(1+(intérêts25!M$34)/(AI$37)) -> 129431.45 | AK30: =B30+D30+G30+J30+M30+P30+S30+V30+Y30+AB30+AE30+AH30 -> 111000 | AL30: =-AK30+AJ30 -> 18431.452 | AM30: =Tableau44[[#This Row],[EP TOTALE]]+Tableau44[[#This Row],[INTERETS]] -> 129431.45 | AO30: 29 | AP30: ONANA NKADA Laurent S. | AQ30: 111000 | AR30: 18431.452 | AS30: 129431.45
A31: ONDOA Jean | B31: 94000 | C31: =B31*(1+(intérêts25!B$34)/(B$37)) -> 94827.369 | E31: =+D31+C31 -> 94827.369 | F31: =+E31*(1+(intérêts25!C$34)/(E$37)) -> 95761.983 | H31: =+F31+G31 -> 95761.983 | I31: =+H31*(1+(intérêts25!D$34)/(H$37)) -> 97983.841 | K31: =+I31+J31 -> 97983.841 | L31: =+K31*(1+(intérêts25!E$34)/(K$37)) -> 99419.19 | N31: =+L31+M31 -> 99419.19 | O31: =+N31*(1+(intérêts25!F$34)/(N$37)) -> 100583.43 | P31: 88000 | Q31: =+O31+P31 -> 188583.43 | R31: =+Q31*(1+(intérêts25!G$34)/(Q$37)) -> 191046.02 | T31: =+R31+S31 -> 191046.02 | U31: =+T31*(1+(intérêts25!H$34)/(T$37)) -> 193600.2 | W31: =+U31+V31 -> 193600.2 | X31: =+W31*(1+(intérêts25!I$34)/(W$37)) -> 195897.09 | Z31: =+X31+Y31 -> 195897.09 | AA31: =+Z31*(1+(intérêts25!J$34)/(Z$37)) -> 199495.92 | AC31: =+AA31+AB31 -> 199495.92 | AD31: =+AC31*(1+(intérêts25!K$34)/(AC$37)) -> 202934.83 | AF31: =+AD31+AE31 -> 202934.83 | AG31: =+AF31*(1+(intérêts25!L$34)/(AF$37)) -> 206437.81 | AI31: =+AG31+AH31 -> 206437.81 | AJ31: =+AI31*(1+(intérêts25!M$34)/(AI$37)) -> 206437.81 | AK31: =B31+D31+G31+J31+M31+P31+S31+V31+Y31+AB31+AE31+AH31 -> 182000 | AL31: =-AK31+AJ31 -> 24437.806 | AM31: =Tableau44[[#This Row],[EP TOTALE]]+Tableau44[[#This Row],[INTERETS]] -> 206437.81 | AO31: 30 | AP31: ONDOA Jean | AQ31: 182000 | AR31: 24437.806 | AS31: 206437.81
A32: TSANGA TSANGA Christol | B32: 32800 | C32: =B32*(1+(intérêts25!B$34)/(B$37)) -> 33088.699 | E32: =+D32+C32 -> 33088.699 | F32: =+E32*(1+(intérêts25!C$34)/(E$37)) -> 33414.82 | H32: =+F32+G32 -> 33414.82 | I32: =+H32*(1+(intérêts25!D$34)/(H$37)) -> 34190.106 | K32: =+I32+J32 -> 34190.106 | L32: =+K32*(1+(intérêts25!E$34)/(K$37)) -> 34690.951 | N32: =+L32+M32 -> 34690.951 | O32: =+N32*(1+(intérêts25!F$34)/(N$37)) -> 35097.196 | Q32: =+O32+P32 -> 35097.196 | R32: =+Q32*(1+(intérêts25!G$34)/(Q$37)) -> 35555.509 | S32: 100000 | T32: =+R32+S32 -> 135555.51 | U32: =+T32*(1+(intérêts25!H$34)/(T$37)) -> 137367.81 | W32: =+U32+V32 -> 137367.81 | X32: =+W32*(1+(intérêts25!I$34)/(W$37)) -> 138997.56 | Z32: =+X32+Y32 -> 138997.56 | AA32: =+Z32*(1+(intérêts25!J$34)/(Z$37)) -> 141551.08 | AC32: =+AA32+AB32 -> 141551.08 | AD32: =+AC32*(1+(intérêts25!K$34)/(AC$37)) -> 143991.14 | AE32: 2000 | AF32: =+AD32+AE32 -> 145991.14 | AG32: =+AF32*(1+(intérêts25!L$34)/(AF$37)) -> 148511.18 | AI32: =+AG32+AH32 -> 148511.18 | AJ32: =+AI32*(1+(intérêts25!M$34)/(AI$37)) -> 148511.18 | AK32: =B32+D32+G32+J32+M32+P32+S32+V32+Y32+AB32+AE32+AH32 -> 134800 | AL32: =-AK32+AJ32 -> 13711.175 | AM32: =Tableau44[[#This Row],[EP TOTALE]]+Tableau44[[#This Row],[INTERETS]] -> 148511.18 | AO32: 31 | AP32: TSANGA TSANGA Christol | AQ32: 134800 | AR32: 13711.175 | AS32: 148511.18
A33: ZE ANDJE Eric | B33: 104000 | C33: =B33*(1+(intérêts25!B$34)/(B$37)) -> 104915.39 | E33: =+D33+C33 -> 104915.39 | F33: =+E33*(1+(intérêts25!C$34)/(E$37)) -> 105949.43 | H33: =+F33+G33 -> 105949.43 | I33: =+H33*(1+(intérêts25!D$34)/(H$37)) -> 108407.65 | J33: 140000 | K33: =+I33+J33 -> 248407.65 | L33: =+K33*(1+(intérêts25!E$34)/(K$37)) -> 252046.54 | M33: 100000 | N33: =+L33+M33 -> 352046.54 | O33: =+N33*(1+(intérêts25!F$34)/(N$37)) -> 356169.13 | Q33: =+O33+P33 -> 356169.13 | R33: =+Q33*(1+(intérêts25!G$34)/(Q$37)) -> 360820.13 | T33: =+R33+S33 -> 360820.13 | U33: =+T33*(1+(intérêts25!H$34)/(T$37)) -> 365644.09 | W33: =+U33+V33 -> 365644.09 | X33: =+W33*(1+(intérêts25!I$34)/(W$37)) -> 369982.13 | Z33: =+X33+Y33 -> 369982.13 | AA33: =+Z33*(1+(intérêts25!J$34)/(Z$37)) -> 376779.07 | AC33: =+AA33+AB33 -> 376779.07 | AD33: =+AC33*(1+(intérêts25!K$34)/(AC$37)) -> 383273.99 | AF33: =+AD33+AE33 -> 383273.99 | AG33: =+AF33*(1+(intérêts25!L$34)/(AF$37)) -> 389889.91 | AI33: =+AG33+AH33 -> 389889.91 | AJ33: =+AI33*(1+(intérêts25!M$34)/(AI$37)) -> 389889.91 | AK33: =B33+D33+G33+J33+M33+P33+S33+V33+Y33+AB33+AE33+AH33 -> 344000 | AL33: =-AK33+AJ33 -> 45889.907 | AM33: =Tableau44[[#This Row],[EP TOTALE]]+Tableau44[[#This Row],[INTERETS]] -> 389889.91 | AO33: 32 | AP33: ZE ANDJE Eric | AQ33: 344000 | AR33: 45889.907 | AS33: 389889.91
A34: SECOURS / CAYA | B34: 500000 | C34: =B34*(1+(intérêts25!B$34)/(B$37)) -> 504400.9 | E34: =+D34+C34 -> 504400.9 | F34: =+E34*(1+(intérêts25!C$34)/(E$37)) -> 509372.25 | H34: =+F34+G34 -> 509372.25 | I34: =+H34*(1+(intérêts25!D$34)/(H$37)) -> 521190.65 | K34: =+I34+J34 -> 521190.65 | L34: =+K34*(1+(intérêts25!E$34)/(K$37)) -> 528825.48 | N34: =+L34+M34 -> 528825.48 | O34: =+N34*(1+(intérêts25!F$34)/(N$37)) -> 535018.23 | Q34: =+O34+P34 -> 535018.23 | R34: =+Q34*(1+(intérêts25!G$34)/(Q$37)) -> 542004.7 | T34: =+R34+S34 -> 542004.7 | U34: =+T34*(1+(intérêts25!H$34)/(T$37)) -> 549251 | W34: =+U34+V34 -> 549251 | X34: =+W34*(1+(intérêts25!I$34)/(W$37)) -> 555767.37 | Z34: =+X34+Y34 -> 555767.37 | AA34: =+Z34*(1+(intérêts25!J$34)/(Z$37)) -> 565977.37 | AC34: =+AA34+AB34 -> 565977.37 | AD34: =+AC34*(1+(intérêts25!K$34)/(AC$37)) -> 575733.69 | AF34: =+AD34+AE34 -> 575733.69 | AG34: =+AF34*(1+(intérêts25!L$34)/(AF$37)) -> 585671.77 | AI34: =+AG34+AH34 -> 585671.77 | AJ34: =+AI34*(1+(intérêts25!M$34)/(AI$37)) -> 585671.77 | AK34: =B34+D34+G34+J34+M34+P34+S34+V34+Y34+AB34+AE34+AH34 -> 500000 | AL34: =-AK34+AJ34 -> 85671.768 | AM34: =Tableau44[[#This Row],[EP TOTALE]]+Tableau44[[#This Row],[INTERETS]] -> 585671.77 | AO34: 33 | AP34: SECOURS / CAYA | AQ34: 500000 | AR34: 85671.768 | AS34: 585671.77
A35: BUREAU | B35: 410000 | C35: =B35*(1+(intérêts25!B$34)/(B$37)) -> 413608.74 | E35: =+D35+C35 -> 413608.74 | F35: =+E35*(1+(intérêts25!C$34)/(E$37)) -> 417685.25 | H35: =+F35+G35 -> 417685.25 | I35: =+H35*(1+(intérêts25!D$34)/(H$37)) -> 427376.33 | K35: =+I35+J35 -> 427376.33 | L35: =+K35*(1+(intérêts25!E$34)/(K$37)) -> 433636.89 | N35: =+L35+M35 -> 433636.89 | O35: =+N35*(1+(intérêts25!F$34)/(N$37)) -> 438714.95 | Q35: =+O35+P35 -> 438714.95 | R35: =+Q35*(1+(intérêts25!G$34)/(Q$37)) -> 444443.86 | T35: =+R35+S35 -> 444443.86 | U35: =+T35*(1+(intérêts25!H$34)/(T$37)) -> 450385.82 | W35: =+U35+V35 -> 450385.82 | X35: =+W35*(1+(intérêts25!I$34)/(W$37)) -> 455729.25 | Z35: =+X35+Y35 -> 455729.25 | AA35: =+Z35*(1+(intérêts25!J$34)/(Z$37)) -> 464101.44 | AC35: =+AA35+AB35 -> 464101.44 | AD35: =+AC35*(1+(intérêts25!K$34)/(AC$37)) -> 472101.63 | AF35: =+AD35+AE35 -> 472101.63 | AG35: =+AF35*(1+(intérêts25!L$34)/(AF$37)) -> 480250.85 | AI35: =+AG35+AH35 -> 480250.85 | AJ35: =+AI35*(1+(intérêts25!M$34)/(AI$37)) -> 480250.85 | AK35: =B35+D35+G35+J35+M35+P35+S35+V35+Y35+AB35+AE35+AH35 -> 410000 | AL35: =-AK35+AJ35 -> 70250.85 | AM35: =Tableau44[[#This Row],[EP TOTALE]]+Tableau44[[#This Row],[INTERETS]] -> 480250.85 | AO35: 34 | AP35: BUREAU | AQ35: 410000 | AR35: 70250.85 | AS35: 480250.85
A36: AUTRES / FETE | C36: =B36*(1+(intérêts25!B$34)/(B$37)) -> 0 | E36: =+D36+C36 -> 0 | F36: =+E36*(1+(intérêts25!C$34)/(E$37)) -> 0 | H36: =+F36+G36 -> 0 | I36: =+H36*(1+(intérêts25!D$34)/(H$37)) -> 0 | K36: =+I36+J36 -> 0 | L36: =+K36*(1+(intérêts25!E$34)/(K$37)) -> 0 | N36: =+L36+M36 -> 0 | O36: =+N36*(1+(intérêts25!F$34)/(N$37)) -> 0 | Q36: =+O36+P36 -> 0 | R36: =+Q36*(1+(intérêts25!G$34)/(Q$37)) -> 0 | T36: =+R36+S36 -> 0 | U36: =+T36*(1+(intérêts25!H$34)/(T$37)) -> 0 | W36: =+U36+V36 -> 0 | X36: =+W36*(1+(intérêts25!I$34)/(W$37)) -> 0 | Z36: =+X36+Y36 -> 0 | AA36: =+Z36*(1+(intérêts25!J$34)/(Z$37)) -> 0 | AC36: =+AA36+AB36 -> 0 | AD36: =+AC36*(1+(intérêts25!K$34)/(AC$37)) -> 0 | AF36: =+AD36+AE36 -> 0 | AG36: =+AF36*(1+(intérêts25!L$34)/(AF$37)) -> 0 | AI36: =+AG36+AH36 -> 0 | AJ36: =+AI36*(1+(intérêts25!M$34)/(AI$37)) -> 0 | AK36: =B36+D36+G36+J36+M36+P36+S36+V36+Y36+AB36+AE36+AH36 -> 0 | AL36: =-AK36+AJ36 -> 0 | AM36: =Tableau44[[#This Row],[EP TOTALE]]+Tableau44[[#This Row],[INTERETS]] -> 0 | AO36: 35 | AP36: AUTRES / FETE | AQ36: 0 | AR36: 0 | AS36: 0
A37: total | B37: =SUM(B2:B36) -> 4317300 | C37: =B37*(1+(intérêts25!B$34)/(B$37)) -> 4355300 | D37: =SUM(D2:D36) -> 1497000 | E37: =+D37+C37 -> 5852300 | F37: =+E37*(1+(intérêts25!C$34)/(E$37)) -> 5909980 | G37: =+SUM(G2:G36) -> 1179100 | H37: =+F37+G37 -> 7089080 | I37: =+H37*(1+(intérêts25!D$34)/(H$37)) -> 7253560 | J37: =SUM(J2:J36) -> 1954000 | K37: =+I37+J37 -> 9207560 | L37: =+K37*(1+(intérêts25!E$34)/(K$37)) -> 9342440 | M37: =SUM(M2:M36) -> 1407000 | N37: =+L37+M37 -> 10749440 | O37: =+N37*(1+(intérêts25!F$34)/(N$37)) -> 10875320 | P37: =+SUM(P2:P36) -> 973000 | Q37: =+O37+P37 -> 11848320 | R37: =+Q37*(1+(intérêts25!G$34)/(Q$37)) -> 12003040 | S37: =+SUM(S2:S36) -> 907000 | T37: =+R37+S37 -> 12910040 | U37: =+T37*(1+(intérêts25!H$34)/(T$37)) -> 13082640 | V37: =+SUM(V2:V36) -> 1897000 | W37: =+U37+V37 -> 14979640 | X37: =+W37*(1+(intérêts25!I$34)/(W$37)) -> 15157360 | Y37: =+SUM(Y2:Y36) -> 955000 | Z37: =+X37+Y37 -> 16112360 | AA37: =+Z37*(1+(intérêts25!J$34)/(Z$37)) -> 16408360 | AB37: =+SUM(AB2:AB36) -> 763000 | AC37: =+AA37+AB37 -> 17171360 | AD37: =+AC37*(1+(intérêts25!K$34)/(AC$37)) -> 17467360 | AE37: =+SUM(AE2:AE35) -> 962000 | AF37: =+AD37+AE37 -> 18429360 | AG37: =+AF37*(1+(intérêts25!L$34)/(AF$37)) -> 18747480 | AH37: =+SUM(AH2:AH36) -> 0 | AI37: =+AG37+AH37 -> 18747480 | AJ37: =+AI37*(1+(intérêts25!M$34)/(AI$37)) -> 18747480 | AK37: =+SUM(AK2:AK36) -> 16811400 | AL37: =-AK37+AJ37 -> 1936080 | AM37: =Tableau44[[#This Row],[EP TOTALE]]+Tableau44[[#This Row],[INTERETS]] -> 18747480 | AO37: 36 | AP37: total | AQ37: 16811400 | AR37: 1936080 | AS37: 18747480
AJ38: =AJ40/AJ35 -> 0
G39: 1179100 | J39: 1954000 | M39: 1407000 | P39: 973000 | S39: 907000 | V39: 1897000 | Y39: 955000 | AL39: 2386080
B40: =B44/B37 -> 0.0088017974
B44: 38000 | C44: 57680 | D44: 168480 | E44: 188880 | F44: 229880 | G44: 258720 | H44: 276600 | I44: 281720 | J44: 313600 | K44: 321600 | L44: 333320 | M44: 0 | N44: 2468480

Sheet prets
A1: Noms et prénoms | B1: AOUT | C1: SEPT | D1: OCT | E1: NOV | F1: DEC | G1: JANV | H1: FEV | I1: MARS | J1: AVRIL | K1: MAI | L1: JUIN | M1: JUIL | N1: TOTAL
A2: ABENG ZE Jean Claude | B2: 0 | C2: 0 | D2: 0 | E2: 400000 | F2: 400000 | G2: 400000 | H2: 400000 | I2: 400000 | J2: 400000 | K2: 400000 | L2: 300000 | M2: 0 | N2: =L2 -> 300000 | P2: 400000
A3: BANGA NNA Israel | B3: 0 | C3: 0 | D3: 0 | E3: 0 | F3: 0 | G3: 0 | H3: 300000 | I3: 300000 | J3: 300000 | K3: 300000 | L3: 300000 | M3: 0 | N3: =L3 -> 300000 | P3: 300000
A4: BISSAI BI NOMBO Fabrice | B4: 0 | C4: 0 | D4: 0 | E4: 0 | F4: 0 | G4: 0 | H4: 0 | I4: 0 | J4: 0 | K4: 0 | L4: 0 | M4: 0 | N4: =L4 -> 0 | P4: 0
A5: BOMBA FOUDA Mathieu | B5: 0 | C5: 0 | D5: 0 | E5: 150000 | F5: 150000 | G5: 150000 | H5: 150000 | I5: 300000 | J5: 300000 | K5: 300000 | L5: 0 | M5: 0 | N5: =L5 -> 0 | P5: 300000
A6: EBOGO BIKOULA Gilbert | B6: 0 | C6: 0 | D6: 100000 | E6: 100000 | F6: 100000 | G6: 100000 | H6: 100000 | I6: 25000 | J6: 25000 | K6: 25000 | L6: 225000 | M6: 0 | N6: =L6 -> 225000 | O6: 25000
A7: ESSALA Etienne | B7: 200000 | C7: 200000 | D7: 250000 | E7: 250000 | F7: 250000 | G7: 450000 | H7: 450000 | I7: 450000 | J7: 450000 | K7: 450000 | L7: 500000 | M7: 0 | N7: =L7 -> 500000 | P7: 450000
A8: ETOA Yves | B8: 0 | C8: 0 | D8: 300000 | E8: 300000 | F8: 300000 | G8: 300000 | H8: 300000 | I8: 300000 | J8: 300000 | K8: 300000 | L8: 300000 | M8: 0 | N8: =L8 -> 300000 | P8: 300000
A9: EWALA Jacques Philippe | B9: 0 | C9: 200000 | D9: 200000 | E9: 200000 | F9: 350000 | G9: 450000 | H9: 450000 | I9: 450000 | J9: 450000 | K9: 300000 | L9: 300000 | M9: 0 | N9: =L9 -> 300000 | P9: 450000
A10: FOTUE KAMGUE Kevin | B10: 0 | C10: 0 | D10: 0 | E10: 0 | F10: 0 | G10: 0 | H10: 150000 | I10: 650000 | J10: 1450000 | K10: 1450000 | L10: 1450000 | M10: 0 | N10: =L10 -> 1450000 | P10: 1450000
A11: IPOULE Michel Landry | B11: 0 | C11: 254000 | D11: 254000 | E11: 454000 | F11: 654000 | G11: 657000 | H11: 657000 | I11: 457000 | J11: 257000 | K11: 257000 | L11: 657000 | M11: 0 | N11: =L11 -> 657000 | O11: 563000
A12: ITOP Samuel | B12: 0 | C12: 0 | D12: 0 | E12: 0 | F12: 0 | G12: 0 | H12: 0 | I12: 0 | J12: 0 | K12: 200000 | L12: 200000 | M12: 0 | N12: =L12 -> 200000 | P12: 0
A13: LIKENG BALABA | B13: 100000 | C13: 100000 | D13: 300000 | E13: 300000 | F13: 300000 | G13: 240000 | H13: 390000 | I13: 340000 | J13: 200000 | N13: =L13 -> 0 | O13: 540000
A14: MAMA Paul Yannick | B14: 0 | C14: 0 | D14: 0 | E14: 0 | F14: 0 | G14: 0 | H14: 0 | I14: 0 | J14: 0 | K14: 0 | L14: 0 | M14: 0 | N14: =L14 -> 0 | P14: 0
A15: MANI EKOUDI François M. | B15: 0 | C15: 38000 | D15: 138000 | E15: 288000 | F15: 288000 | G15: 288000 | H15: 288000 | I15: 288000 | J15: 288000 | K15: 288000 | L15: 288000 | M15: 0 | N15: =L15 -> 288000 | O15: 288000
A16: MBA ENYOUGOU Bernard | B16: 0 | C16: 0 | D16: 0 | E16: 0 | F16: 0 | G16: 0 | H16: 0 | I16: 0 | J16: 0 | K16: 0 | L16: 0 | M16: 0 | N16: =L16 -> 0 | P16: 0
A17: MBADI Homer Paul | B17: 0 | C17: 0 | D17: 0 | E17: 0 | F17: 0 | G17: 0 | H17: 0 | I17: 0 | J17: 0 | K17: 0 | L17: 0 | M17: 0 | N17: =L17 -> 0 | P17: 0
A18: MBAMBA NSOA Jean Paul | B18: 0 | C18: 0 | D18: 200000 | E18: 200000 | F18: 200000 | G18: 200000 | H18: 200000 | I18: 350000 | J18: 350000 | K18: 350000 | L18: 350000 | M18: 0 | N18: =L18 -> 350000 | P18: 350000
A19: MENGUE François Xavier | B19: 100000 | C19: 100000 | D19: 100000 | E19: 130000 | F19: 130000 | G19: 130000 | H19: 130000 | I19: 130000 | J19: 130000 | K19: 130000 | L19: 130000 | M19: 0 | N19: =L19 -> 130000 | P19: 130000
A20: MIONG RIGOBERT Dieudonné | B20: 0 | C20: 0 | D20: 0 | E20: 100000 | F20: 75000 | G20: 53000 | M20: 0 | N20: =L20 -> 0 | O20: 0
A21: NDJOCK Thaddée Rodrigue | B21: 0 | C21: 0 | D21: 920000 | H21: 50000 | I21: 150000 | J21: 150000 | K21: 150000 | L21: 150000 | M21: 0 | N21: =L21 -> 150000 | P21: 1070000
A22: NKOLO NGAH Emmanuel | B22: 0 | C22: 0 | D22: 0 | E22: 0 | F22: 0 | G22: 0 | H22: 0 | I22: 0 | J22: 0 | K22: 0 | L22: 0 | M22: 0 | N22: =L22 -> 0 | P22: 0
A23: NOAH Patrick Michel Brice | B23: 0 | C23: 0 | D23: 0 | E23: 0 | F23: 0 | G23: 0 | H23: 0 | I23: 0 | J23: 0 | K23: 0 | L23: 0 | M23: 0 | N23: =L23 -> 0 | P23: 0
A24: NONBO Marc | B24: 250000 | C24: 250000 | D24: 350000 | E24: 350000 | F24: 350000 | G24: 450000 | H24: 450000 | I24: 103000 | J24: 200000 | K24: 0 | L24: 0 | N24: =L24 -> 0 | O24: 200000
A25: NSOA MBONDO Pierre | B25: 0 | C25: 0 | D25: 0 | E25: 0 | F25: 0 | G25: 50000 | H25: 50000 | I25: 50000 | J25: 50000 | K25: 50000 | L25: 50000 | M25: 0 | N25: =L25 -> 50000 | P25: 50000
A26: NSOE NKOULI Jean-Baptiste | B26: 0 | C26: 0 | D26: 0 | E26: 200000 | F26: 350000 | G26: 350000 | H26: 0 | I26: 0 | J26: 0 | K26: 0 | L26: 0 | M26: 0 | N26: =L26 -> 0 | O26: 200000
A27: NYECK PONDI Etienne | B27: 0 | D27: 200000 | E27: 200000 | F27: 200000 | G27: 200000 | H27: 200000 | I27: 200000 | J27: 200000 | K27: 550000 | L27: 853000 | M27: 0 | N27: =L27 -> 853000 | P27: 200000
A28: OMGBA FOUDA Simon Pierre | B28: 200000 | C28: 200000 | D28: 500000 | E28: 500000 | F28: 600000 | G28: 600000 | H28: 600000 | I28: 600000 | J28: 0 | K28: 0 | L28: 0 | M28: 0 | N28: =L28 -> 0 | O28: 0
A29: OMGBA MIMBOE Gaetan | B29: 0 | C29: 0 | D29: 0 | E29: 0 | F29: 0 | G29: 0 | H29: 0 | I29: 0 | J29: 0 | K29: 0 | L29: 0 | M29: 0 | N29: =L29 -> 0 | P29: 0
A30: ONANA NKADA Laurent S. | B30: 0 | C30: 0 | D30: 0 | E30: 0 | F30: 50000 | G30: 50000 | H30: 50000 | I30: 50000 | J30: 150000 | K30: 150000 | L30: 150000 | M30: 0 | N30: =L30 -> 150000 | P30: 150000
A31: ONDOA Jean | B31: 0 | C31: 0 | D31: 0 | E31: 0 | G31: 0 | H31: 0 | I31: 0 | J31: 0 | K31: 0 | L31: 0 | M31: 0 | N31: =L31 -> 0 | P31: 0
A32: TSANGA TSANGA Christol | B32: 0 | C32: 0 | D32: 200000 | E32: 400000 | F32: 400000 | G32: 750000 | H32: 650000 | I32: 650000 | J32: 650000 | K32: 650000 | L32: 650000 | M32: 0 | N32: =L32 -> 650000 | O32: 450000
A33: ZE ANDJE Eric | B33: 100000 | C33: 100000 | D33: 100000 | E33: 100000 | F33: 500000 | G33: 500000 | H33: 800000 | I33: 700000 | J33: 1100000 | K33: 1100000 | L33: 1100000 | M33: 0 | N33: =L33 -> 1100000 | O33: 1000000
A34: TOTAL | B34: =+SUM(B2:B33) -> 950000 | C34: =+SUM(C2:C33) -> 1442000 | D34: =+SUM(D2:D33) -> 4112000 | E34: =+SUM(E2:E33) -> 4622000 | F34: =+SUM(F2:F33) -> 5647000 | G34: =+SUM(G2:G33) -> 6368000 | H34: =+SUM(H2:H33) -> 6815000 | I34: =+SUM(I2:I33) -> 6943000 | ... N34: =+SUM(N2:N33) -> 7953000 | O34: =SUM(O2:O33) -> 3266000 | P34: =SUM(P2:P33) -> 5600000
O35: =O34+P34 -> 8866000

Sheet Rem25
A1: Noms et prénoms | B1: AOUT | C1: SEPT | D1: OCT | E1: NOV | F1: DEC | G1: JANV | H1: FEV | I1: MARS | J1: AVRIL | K1: MAI | L1: JUIN | M1: JUIL | N1: TOTAL REM | O1: INTE | P1: PRETS | Q1: RAPAYER
A2: ABENG ZE Jean Claude | F2: 15000 | G2: 17000 | H2: 16000 | I2: 12000 | J2: 17000 | K2: 16000 | L2: 166000 | N2: =+SUM(B2:M2) -> 259000 | O2: 124000 | P2: 450000 | Q2: =(P2+O2)-N2 -> 315000
A3: BANGA NNA Israel | N3: =+SUM(B3:M3) -> 0 | O3: 60000 | P3: 300000 | Q3: =(P3+O3)-N3 -> 360000
A4: BISSAI BI NOMBO Fabrice | N4: =+SUM(B4:M4) -> 0 | O4: 0 | P4: 0 | Q4: =(P4+O4)-N4 -> 0
A5: BOMBA FOUDA Mathieu | L5: 360000 | N5: =+SUM(B5:M5) -> 360000 | O5: 60000 | P5: 300000 | Q5: =(P5+O5)-N5 -> 0
A6: EBOGO BIKOULA Gilbert | I6: 75000 | N6: =+SUM(B6:M6) -> 75000 | O6: 32000 | P6: 300000 | Q6: =(P6+O6)-N6 -> 257000
A7: ESSALA Etienne | N7: =+SUM(B7:M7) -> 0 | O7: 156000 | P7: 500000 | Q7: =(P7+O7)-N7 -> 656000
A8: ETOA Yves | N8: =+SUM(B8:M8) -> 0 | O8: 108000 | P8: 300000 | Q8: =(P8+O8)-N8 -> 408000
A9: EWALA Jacques Philippe | K9: 150000 | N9: =+SUM(B9:M9) -> 150000 | O9: 134000 | P9: 450000 | Q9: =(P9+O9)-N9 -> 434000
A10: FOTUE KAMGUE Kevin | N10: =+SUM(B10:M10) -> 0 | O10: 206000 | P10: 1450000 | Q10: =(P10+O10)-N10 -> 1656000
A11: IPOULE Michel Landry | I11: 200000 | J11: 200000 | L11: 600000 | N11: =+SUM(B11:M11) -> 1000000 | O11: 182320 | P11: 1357000 | Q11: =(P11+O11)-N11 -> 539320
A12: ITOP Samuel | D12: 12000 | L12: 6500 | N12: =+SUM(B12:M12) -> 18500 | O12: 16000 | P12: 200000 | Q12: =(P12+O12)-N12 -> 197500
A13: LIKENG BALABA | G13: 60000 | I13: 50000 | L13: 400000 | N13: =+SUM(B13:M13) -> 510000 | O13: 173200 | P13: 790000 | Q13: =(P13+O13)-N13 -> 453200
A14: MAMA Paul Yannick | N14: =+SUM(B14:M14) -> 0 | O14: 0 | P14: 0 | Q14: =(P14+O14)-N14 -> 0
A15: MANI EKOUDI François M. | C15: 600000 | E15: 50000 | N15: =+SUM(B15:M15) -> 650000 | O15: 99200 | P15: 338000 | Q15: =(P15+O15)-N15 -> -212800
A16: MBA ENYOUGOU Bernard | D16: 12000 | K16: 7000 | N16: =+SUM(B16:M16) -> 19000 | O16: 0 | P16: 0 | Q16: =(P16+O16)-N16 -> -19000
A17: MBADI Homer Paul | N17: =+SUM(B17:M17) -> 0 | O17: 0 | P17: 0 | Q17: =(P17+O17)-N17 -> 0
A18: MBAMBA NSOA Jean Paul | L18: 200000 | N18: =+SUM(B18:M18) -> 200000 | O18: 96000 | P18: 350000 | Q18: =(P18+O18)-N18 -> 246000
A19: MENGUE François Xavier | N19: =+SUM(B19:M19) -> 0 | O19: 53600 | P19: 130000 | Q19: =(P19+O19)-N19 -> 183600
A20: MIONG RIGOBERT Dieudonné | F20: 29000 | G20: 18000 | H20: 27600 | I20: 1400 | J20: 26600 | N20: =+SUM(B20:M20) -> 102600 | O20: 9120 | P20: 100000 | Q20: =(P20+O20)-N20 -> 6520
A21: NDJOCK Thaddée Rodrigue | N21: =+SUM(B21:M21) -> 0 | O21: 62800 | P21: 1070000 | Q21: =(P21+O21)-N21 -> 1132800
A22: NKOLO NGAH Emmanuel | N22: =+SUM(B22:M22) -> 0 | O22: 0 | P22: 0 | Q22: =(P22+O22)-N22 -> 0
A23: NOAH Patrick Michel Brice | N23: =+SUM(B23:M23) -> 0 | O23: 0 | P23: 0 | Q23: =(P23+O23)-N23 -> 0
A24: NONBO Marc | J24: 773000 | N24: =+SUM(B24:M24) -> 773000 | O24: 110120 | P24: 753000 | Q24: =(P24+O24)-N24 -> 90120
A25: NSOA MBONDO Pierre | N25: =+SUM(B25:M25) -> 0 | O25: 12000 | P25: 50000 | Q25: =(P25+O25)-N25 -> 62000
A26: NSOE NKOULI Jean-Baptiste | H26: 386000 | L26: 216000 | N26: =+SUM(B26:M26) -> 602000 | O26: 36000 | P26: 350000 | Q26: =(P26+O26)-N26 -> -216000
A27: NYECK PONDI Etienne | N27: =+SUM(B27:M27) -> 0 | O27: 112120 | P27: 853000 | Q27: =(P27+O27)-N27 -> 965120
A28: OMGBA FOUDA Simon Pierre | J28: 600000 | N28: =+SUM(B28:M28) -> 600000 | O28: 152000 | P28: 600000 | Q28: =(P28+O28)-N28 -> 152000
A29: OMGBA MIMBOE Gaetan | N29: =+SUM(B29:M29) -> 0 | O29: 0 | P29: 0 | Q29: =(P29+O29)-N29 -> 0
A30: ONANA NKADA Laurent S. | F30: 0 | I30: 2000 | J30: 2000 | K30: 4000 | L30: 6000 | N30: =+SUM(B30:M30) -> 14000 | O30: 26000 | P30: 150000 | Q30: =(P30+O30)-N30 -> 162000
A31: ONDOA Jean | N31: =+SUM(B31:M31) -> 0 | O31: 0 | P31: 0 | Q31: =(P31+O31)-N31 -> 0
A32: TSANGA TSANGA Christol | H32: 100000 | N32: =+SUM(B32:M32) -> 100000 | O32: 200000 | P32: 550000 | Q32: =(P32+O32)-N32 -> 650000
A33: ZE ANDJE Eric | I33: 100000 | N33: =+SUM(B33:M33) -> 100000 | O33: 248000 | P33: 1200000 | Q33: =(P33+O33)-N33 -> 1348000
A34: TOTAL | B34: =+SUM(B2:B33) -> 0 | C34: =+SUM(C2:C33) -> 600000 | D34: =+SUM(D2:D33) -> 24000 | E34: =+SUM(E2:E33) -> 50000 | F34: =+SUM(F2:F33) -> 44000 | G34: =+SUM(G2:G33) -> 95000 | H34: =+SUM(H2:H33) -> 529600 | I34: =+SUM(I2:I33) -> 440400 | ... M34: =+SUM(M2:M33) -> 0 | N34: =+SUM(B34:M34) -> 5533100 | O34: =SUM(O2:O33) -> 2468480 | P34: =SUM(P2:P33) -> 12891000 | Q34: =SUM(Q2:Q33) -> 9826380
F39: =D7*(4/100) -> 0

Sheet intérêts25
A1: Noms et prénoms | B1: AOUT | C1: SEPT | D1: OCT | E1: NOV | F1: DEC | G1: JANV | H1: FEV | I1: MARS | J1: AVRIL | K1: MAI | L1: JUIN | M1: JUIL | N1: TOTAL
A2: ABENG ZE Jean Claude | B2: =(prets!B2*(4/100)) -> 0 | C2: =(prets!C2*(4/100)) -> 0 | D2: =(prets!D2*(4/100)) -> 0 | E2: =(prets!E2*(4/100)) -> 16000 | F2: =(prets!F2*(4/100)) -> 16000 | G2: =(prets!G2*(4/100)) -> 16000 | H2: =(prets!H2*(4/100)) -> 16000 | I2: =(prets!I2*(4/100)) -> 16000 | ... M2: =(prets!M2*(4/100)) -> 0 | N2: =+SUM(B2:M2) -> 124000 | O2: 123000
A3: BANGA NNA Israel | B3: =(prets!B3*(4/100)) -> 0 | C3: =(prets!C3*(4/100)) -> 0 | D3: =(prets!D3*(4/100)) -> 0 | E3: =(prets!E3*(4/100)) -> 0 | F3: =(prets!F3*(4/100)) -> 0 | G3: =(prets!G3*(4/100)) -> 0 | H3: =(prets!H3*(4/100)) -> 12000 | I3: =(prets!I3*(4/100)) -> 12000 | ... M3: =(prets!M3*(4/100)) -> 0 | N3: =+SUM(B3:M3) -> 60000
A4: BISSAI BI NOMBO Fabrice | B4: =(prets!B4*(4/100)) -> 0 | C4: =(prets!C4*(4/100)) -> 0 | D4: =(prets!D4*(4/100)) -> 0 | E4: =(prets!E4*(4/100)) -> 0 | F4: =(prets!F4*(4/100)) -> 0 | G4: =(prets!G4*(4/100)) -> 0 | H4: =(prets!H4*(4/100)) -> 0 | I4: =(prets!I4*(4/100)) -> 0 | ... M4: =(prets!M4*(4/100)) -> 0 | N4: =+SUM(B4:M4) -> 0
A5: BOMBA FOUDA Mathieu | B5: =(prets!B5*(4/100)) -> 0 | C5: =(prets!C5*(4/100)) -> 0 | D5: =(prets!D5*(4/100)) -> 0 | E5: =(prets!E5*(4/100)) -> 6000 | F5: =(prets!F5*(4/100)) -> 6000 | G5: =(prets!G5*(4/100)) -> 6000 | H5: =(prets!H5*(4/100)) -> 6000 | I5: =(prets!I5*(4/100)) -> 12000 | ... M5: =(prets!M5*(4/100)) -> 0 | N5: =+SUM(B5:M5) -> 60000
A6: EBOGO BIKOULA Gilbert | B6: =(prets!B6*(4/100)) -> 0 | C6: =(prets!C6*(4/100)) -> 0 | D6: =(prets!D6*(4/100)) -> 4000 | E6: =(prets!E6*(4/100)) -> 4000 | F6: =(prets!F6*(4/100)) -> 4000 | G6: =(prets!G6*(4/100)) -> 4000 | H6: =(prets!H6*(4/100)) -> 4000 | I6: =(prets!I6*(4/100)) -> 1000 | ... M6: =(prets!M6*(4/100)) -> 0 | N6: =+SUM(B6:M6) -> 32000 | O6: 28000
A7: ESSALA Etienne | B7: =(prets!B7*(4/100)) -> 8000 | C7: =(prets!C7*(4/100)) -> 8000 | D7: =(prets!D7*(4/100)) -> 10000 | E7: =(prets!E7*(4/100)) -> 10000 | F7: =(prets!F7*(4/100)) -> 10000 | G7: =(prets!G7*(4/100)) -> 18000 | H7: =(prets!H7*(4/100)) -> 18000 | I7: =(prets!I7*(4/100)) -> 18000 | ... M7: =(prets!M7*(4/100)) -> 0 | N7: =+SUM(B7:M7) -> 156000
A8: ETOA Yves | B8: =(prets!B8*(4/100)) -> 0 | C8: =(prets!C8*(4/100)) -> 0 | D8: =(prets!D8*(4/100)) -> 12000 | E8: =(prets!E8*(4/100)) -> 12000 | F8: =(prets!F8*(4/100)) -> 12000 | G8: =(prets!G8*(4/100)) -> 12000 | H8: =(prets!H8*(4/100)) -> 12000 | I8: =(prets!I8*(4/100)) -> 12000 | ... M8: =(prets!M8*(4/100)) -> 0 | N8: =+SUM(B8:M8) -> 108000
A9: EWALA Jacques Philippe | B9: =(prets!B9*(4/100)) -> 0 | C9: =(prets!C9*(4/100)) -> 8000 | D9: =(prets!D9*(4/100)) -> 8000 | E9: =(prets!E9*(4/100)) -> 8000 | F9: =(prets!F9*(4/100)) -> 14000 | G9: =(prets!G9*(4/100)) -> 18000 | H9: =(prets!H9*(4/100)) -> 18000 | I9: =(prets!I9*(4/100)) -> 18000 | ... M9: =(prets!M9*(4/100)) -> 0 | N9: =+SUM(B9:M9) -> 134000 | O9: 120000
A10: FOTUE KAMGUE Kevin | B10: =(prets!B10*(4/100)) -> 0 | C10: =(prets!C10*(4/100)) -> 0 | D10: =(prets!D10*(4/100)) -> 0 | E10: =(prets!E10*(4/100)) -> 0 | F10: =(prets!F10*(4/100)) -> 0 | G10: =(prets!G10*(4/100)) -> 0 | H10: =(prets!H10*(4/100)) -> 6000 | I10: =(prets!I10*(4/100)) -> 26000 | ... M10: =(prets!M10*(4/100)) -> 0 | N10: =+SUM(B10:M10) -> 206000 | O10: 172000
A11: IPOULE Michel Landry | B11: =(prets!B11*(4/100)) -> 0 | C11: =(prets!C11*(4/100)) -> 10160 | D11: =(prets!D11*(4/100)) -> 10160 | E11: =(prets!E11*(4/100)) -> 18160 | F11: =(prets!F11*(4/100)) -> 26160 | G11: =(prets!G11*(4/100)) -> 26280 | H11: =(prets!H11*(4/100)) -> 26280 | I11: =(prets!I11*(4/100)) -> 18280 | ... M11: =(prets!M11*(4/100)) -> 0 | N11: =+SUM(B11:M11) -> 182320
A12: ITOP Samuel | B12: =(prets!B12*(4/100)) -> 0 | C12: =(prets!C12*(4/100)) -> 0 | D12: =(prets!D12*(4/100)) -> 0 | E12: =(prets!E12*(4/100)) -> 0 | F12: =(prets!F12*(4/100)) -> 0 | G12: =(prets!G12*(4/100)) -> 0 | H12: =(prets!H12*(4/100)) -> 0 | I12: =(prets!I12*(4/100)) -> 0 | ... M12: =(prets!M12*(4/100)) -> 0 | N12: =+SUM(B12:M12) -> 16000
A13: LIKENG BALABA | B13: =(prets!B13*(4/100)) -> 4000 | C13: =(prets!C13*(4/100)) -> 4000 | D13: =(prets!D13*(4/100)) -> 12000 | E13: =(prets!E13*(4/100)) -> 12000 | F13: =(prets!F13*(4/100)) -> 12000 | G13: =(prets!G13*(4/100)) -> 9600 | H13: =(prets!H13*(4/100)) -> 15600 | I13: =(prets!I13*(4/100)) -> 13600 | ... M13: =(prets!M13*(4/100)) -> 0 | N13: =+SUM(B13:M13) -> 90800
A14: MAMA Paul Yannick | B14: =(prets!B14*(4/100)) -> 0 | C14: =(prets!C14*(4/100)) -> 0 | D14: =(prets!D14*(4/100)) -> 0 | E14: =(prets!E14*(4/100)) -> 0 | F14: =(prets!F14*(4/100)) -> 0 | G14: =(prets!G14*(4/100)) -> 0 | H14: =(prets!H14*(4/100)) -> 0 | I14: =(prets!I14*(4/100)) -> 0 | ... M14: =(prets!M14*(4/100)) -> 0 | N14: =+SUM(B14:M14) -> 0
A15: MANI EKOUDI François M. | B15: =(prets!B15*(4/100)) -> 0 | C15: =(prets!C15*(4/100)) -> 1520 | D15: =(prets!D15*(4/100)) -> 5520 | E15: =(prets!E15*(4/100)) -> 11520 | F15: =(prets!F15*(4/100)) -> 11520 | G15: =(prets!G15*(4/100)) -> 11520 | H15: =(prets!H15*(4/100)) -> 11520 | I15: =(prets!I15*(4/100)) -> 11520 | ... M15: =(prets!M15*(4/100)) -> 0 | N15: =+SUM(B15:M15) -> 99200
A16: MBA ENYOUGOU Bernard | B16: =(prets!B16*(4/100)) -> 0 | C16: =(prets!C16*(4/100)) -> 0 | D16: =(prets!D16*(4/100)) -> 0 | E16: =(prets!E16*(4/100)) -> 0 | F16: =(prets!F16*(4/100)) -> 0 | G16: =(prets!G16*(4/100)) -> 0 | H16: =(prets!H16*(4/100)) -> 0 | I16: =(prets!I16*(4/100)) -> 0 | ... M16: =(prets!M16*(4/100)) -> 0 | N16: =+SUM(B16:M16) -> 0
A17: MBADI Homer Paul | B17: =(prets!B17*(4/100)) -> 0 | C17: =(prets!C17*(4/100)) -> 0 | D17: =(prets!D17*(4/100)) -> 0 | E17: =(prets!E17*(4/100)) -> 0 | F17: =(prets!F17*(4/100)) -> 0 | G17: =(prets!G17*(4/100)) -> 0 | H17: =(prets!H17*(4/100)) -> 0 | I17: =(prets!I17*(4/100)) -> 0 | ... M17: =(prets!M17*(4/100)) -> 0 | N17: =+SUM(B17:M17) -> 0
A18: MBAMBA NSOA Jean Paul | B18: =(prets!B18*(4/100)) -> 0 | C18: =(prets!C18*(4/100)) -> 0 | D18: =(prets!D18*(4/100)) -> 8000 | E18: =(prets!E18*(4/100)) -> 8000 | F18: =(prets!F18*(4/100)) -> 8000 | G18: =(prets!G18*(4/100)) -> 8000 | H18: =(prets!H18*(4/100)) -> 8000 | I18: =(prets!I18*(4/100)) -> 14000 | ... M18: =(prets!M18*(4/100)) -> 0 | N18: =+SUM(B18:M18) -> 96000
A19: MENGUE François Xavier | B19: =(prets!B19*(4/100)) -> 4000 | C19: =(prets!C19*(4/100)) -> 4000 | D19: =(prets!D19*(4/100)) -> 4000 | E19: =(prets!E19*(4/100)) -> 5200 | F19: =(prets!F19*(4/100)) -> 5200 | G19: =(prets!G19*(4/100)) -> 5200 | H19: =(prets!H19*(4/100)) -> 5200 | I19: =(prets!I19*(4/100)) -> 5200 | ... M19: =(prets!M19*(4/100)) -> 0 | N19: =+SUM(B19:M19) -> 53600
A20: MIONG RIGOBERT Dieudonné | B20: =(prets!B20*(4/100)) -> 0 | C20: =(prets!C20*(4/100)) -> 0 | D20: =(prets!D20*(4/100)) -> 0 | E20: =(prets!E20*(4/100)) -> 4000 | F20: =(prets!F20*(4/100)) -> 3000 | G20: =(prets!G20*(4/100)) -> 2120 | H20: =(prets!H20*(4/100)) -> 0 | I20: =(prets!I20*(4/100)) -> 0 | ... M20: =(prets!M20*(4/100)) -> 0 | N20: =+SUM(B20:M20) -> 9120
A21: NDJOCK Thaddée Rodrigue | B21: =(prets!B21*(4/100)) -> 0 | C21: =(prets!C21*(4/100)) -> 0 | D21: =(prets!D21*(4/100)) -> 36800 | E21: =(prets!E21*(4/100)) -> 0 | F21: =(prets!F21*(4/100)) -> 0 | G21: =(prets!G21*(4/100)) -> 0 | H21: =(prets!H21*(4/100)) -> 2000 | I21: =(prets!I21*(4/100)) -> 6000 | ... M21: =(prets!M21*(4/100)) -> 0 | N21: =+SUM(B21:M21) -> 62800
A22: NKOLO NGAH Emmanuel | B22: =(prets!B22*(4/100)) -> 0 | C22: =(prets!C22*(4/100)) -> 0 | D22: =(prets!D22*(4/100)) -> 0 | E22: =(prets!E22*(4/100)) -> 0 | F22: =(prets!F22*(4/100)) -> 0 | G22: =(prets!G22*(4/100)) -> 0 | H22: =(prets!H22*(4/100)) -> 0 | I22: =(prets!I22*(4/100)) -> 0 | ... M22: =(prets!M22*(4/100)) -> 0 | N22: =+SUM(B22:M22) -> 0
... A33: ZE ANDJE Eric | B33: =(prets!B33*(4/100)) -> 4000 | C33: =(prets!C33*(4/100)) -> 4000 | D33: =(prets!D33*(4/100)) -> 4000 | E33: =(prets!E33*(4/100)) -> 4000 | F33: =(prets!F33*(4/100)) -> 20000 | G33: =(prets!G33*(4/100)) -> 20000 | H33: =(prets!H33*(4/100)) -> 32000 | I33: =(prets!I33*(4/100)) -> 28000 | ... M33: =(prets!M33*(4/100)) -> 0 | N33: =+SUM(B33:M33) -> 248000
A34: TOTAL | B34: 38000 | C34: 57680 | D34: 164480 | E34: 134880 | F34: 125880 | G34: 154720 | H34: 172600 | I34: 177720 | J34: 296000 | K34: 296000 | L34: 318120 | M34: 0 | N34: =SUM(B34:M34) -> 1936080
B36: =+SUM(B2:B33) -> 38000 | C36: =+SUM(C2:C33) -> 57680 | D36: =+SUM(D2:D33) -> 164480 | E36: =+SUM(E2:E33) -> 184880 | F36: =+SUM(F2:F33) -> 225880 | G36: =+SUM(G2:G33) -> 254720 | H36: =+SUM(H2:H33) -> 272600 | I36: =+SUM(I2:I33) -> 277720 | ... L36: =+SUM(L2:L33) -> 318120 | M36: =+SUM(M4:M33) -> 0 | N36: =+SUM(N2:N33) -> 2386080
E38: 50000 | F38: 100000 | G38: 100000 | H38: 100000 | I38: 100000
N39: =N36-N34 -> 450000

Sheet prets25
A1: Noms et prénoms | B1: AOUT | C1: SEPT | D1: OCT | E1: NOV | F1: DEC | G1: JANV | H1: FEV | I1: MARS | J1: AVRIL | K1: MAI | L1: JUIN | M1: JUIL | N1: TOTAL | O1: REMB25 | S1: PRETS | T1: INTER | U1: REMB | V1: RESTE
A2: ABENG ZE Jean Claude | B2: 0 | C2: 0 | D2: 0 | E2: 400000 | F2: 0 | G2: 0 | H2: 0 | I2: 0 | J2: 0 | K2: 0 | L2: 50000 | M2: 0 | N2: =+SUM(B2:M2) -> 450000 | O2: 259000
A3: BANGA NNA Israel | B3: 0 | C3: 0 | D3: 0 | E3: 0 | F3: 0 | G3: 0 | H3: 300000 | I3: 0 | J3: 0 | K3: 0 | L3: 0 | M3: 0 | N3: =+SUM(B3:M3) -> 300000 | O3: 0
A4: BISSAI BI NOMBO Fabrice | B4: 0 | C4: 0 | D4: 0 | E4: 0 | F4: 0 | G4: 0 | H4: 0 | I4: 0 | J4: 0 | K4: 0 | L4: 0 | M4: 0 | N4: =+SUM(B4:M4) -> 0 | O4: 0
A5: BOMBA FOUDA Mathieu | B5: 0 | C5: 0 | D5: 0 | E5: 150000 | F5: 0 | G5: 0 | H5: 0 | I5: 150000 | J5: 0 | K5: 0 | L5: 0 | M5: 0 | N5: =+SUM(B5:M5) -> 300000 | O5: 360000
A6: EBOGO BIKOULA Gilbert | B6: 0 | C6: 0 | D6: 100000 | E6: 0 | F6: 0 | G6: 0 | H6: 0 | I6: 0 | J6: 0 | L6: 200000 | M6: 0 | N6: =+SUM(B6:M6) -> 300000 | O6: 75000
A7: ESSALA Etienne | B7: 200000 | C7: 0 | D7: 50000 | E7: 0 | F7: 0 | G7: 200000 | H7: 0 | I7: 0 | J7: 0 | K7: 0 | L7: 50000 | M7: 0 | N7: =+SUM(B7:M7) -> 500000 | O7: 0
A8: ETOA Yves | B8: 0 | C8: 0 | D8: 300000 | E8: 0 | F8: 0 | G8: 0 | H8: 0 | I8: 0 | J8: 0 | K8: 0 | L8: 0 | M8: 0 | N8: =+SUM(B8:M8) -> 300000 | O8: 0
A9: EWALA Jacques Philippe | B9: 0 | C9: 200000 | D9: 0 | E9: 0 | F9: 150000 | G9: 100000 | H9: 0 | I9: 0 | J9: 0 | K9: 0 | L9: 0 | M9: 0 | N9: =+SUM(B9:M9) -> 450000 | O9: 150000
A10: FOTUE KAMGUE Kevin | B10: 0 | C10: 0 | D10: 0 | E10: 0 | F10: 0 | G10: 0 | H10: 150000 | I10: 500000 | J10: 800000 | K10: 0 | L10: 0 | M10: 0 | N10: =+SUM(B10:M10) -> 1450000 | O10: 0
A11: IPOULE Michel Landry | B11: 0 | C11: 254000 | D11: 0 | E11: 200000 | F11: 200000 | G11: 303000 | L11: 400000 | N11: =+SUM(B11:M11) -> 1357000 | O11: 1000000
A12: ITOP Samuel | B12: 0 | C12: 0 | D12: 0 | E12: 0 | F12: 0 | G12: 0 | K12: 200000 | N12: =+SUM(B12:M12) -> 200000 | O12: 18500
A13: LIKENG BALABA | B13: 100000 | C13: 0 | D13: 200000 | E13: 0 | F13: 0 | G13: 0 | H13: 150000 | J13: 200000 | N13: =+SUM(B13:M13) -> 650000 | O13: 510000
A14: MAMA Paul Yannick | B14: 0 | C14: 0 | D14: 0 | E14: 0 | F14: 0 | G14: 0 | L14: 0 | N14: =+SUM(B14:M14) -> 0 | O14: 0
A15: MANI EKOUDI François M. | B15: 0 | C15: 38000 | D15: 100000 | E15: 200000 | F15: 0 | G15: 0 | L15: 0 | N15: =+SUM(B15:M15) -> 338000 | O15: 650000
A16: MBA ENYOUGOU Bernard | B16: 0 | C16: 0 | D16: 0 | E16: 0 | F16: 0 | G16: 0 | L16: 0 | N16: =+SUM(B16:M16) -> 0 | O16: 19000
A17: MBADI Homer Paul | B17: 0 | C17: 0 | D17: 0 | E17: 0 | F17: 0 | G17: 0 | L17: 0 | N17: =+SUM(B17:M17) -> 0 | O17: 0
A18: MBAMBA NSOA Jean Paul | B18: 0 | C18: 0 | D18: 200000 | E18: 0 | F18: 0 | G18: 0 | I18: 150000 | L18: 0 | N18: =+SUM(B18:M18) -> 350000 | O18: 200000
A19: MENGUE François Xavier | B19: 100000 | D19: 0 | E19: 30000 | F19: 0 | G19: 0 | L19: 0 | N19: =+SUM(B19:M19) -> 130000 | O19: 0
A20: MIONG RIGOBERT Dieudonné | B20: 0 | C20: 0 | D20: 0 | E20: 100000 | F20: 0 | G20: 0 | L20: 0 | N20: =+SUM(B20:M20) -> 100000 | O20: 102600
A21: NDJOCK Thaddée Rodrigue | B21: 0 | C21: 0 | D21: 920000 | E21: 0 | F21: 0 | G21: 0 | H21: 50000 | I21: 100000 | L21: 0 | N21: =+SUM(B21:M21) -> 1070000 | O21: 0
A22: NKOLO NGAH Emmanuel | B22: 0 | C22: 0 | D22: 0 | E22: 0 | F22: 0 | G22: 0 | L22: 0 | N22: =+SUM(B22:M22) -> 0 | O22: 0
A23: NOAH Patrick Michel Brice | B23: 0 | C23: 0 | D23: 0 | E23: 0 | F23: 0 | G23: 0 | L23: 0 | N23: =+SUM(B23:M23) -> 0 | O23: 0
A24: NONBO Marc | B24: 250000 | C24: 0 | D24: 100000 | E24: 0 | F24: 0 | G24: 100000 | I24: 103000 | J24: 200000 | L24: 0 | N24: =+SUM(B24:M24) -> 753000 | O24: 773000
A25: NSOA MBONDO Pierre | B25: 0 | C25: 0 | D25: 0 | E25: 0 | F25: 0 | G25: 50000 | L25: 0 | N25: =+SUM(B25:M25) -> 50000 | O25: 0
A26: NSOE NKOULI Jean-Baptiste | B26: 0 | C26: 0 | D26: 0 | E26: 200000 | F26: 150000 | J26: 0 | L26: 0 | N26: =+SUM(B26:M26) -> 350000 | O26: 602000
A27: NYECK PONDI Etienne | B27: 0 | D27: 200000 | E27: 0 | K27: 350000 | M27: 3000 | N27: =+SUM(B27:M27) -> 553000 | O27: 0
A28: OMGBA FOUDA Simon Pierre | B28: 200000 | C28: 0 | D28: 300000 | E28: 0 | F28: 100000 | N28: =+SUM(B28:M28) -> 600000 | O28: 600000
A29: OMGBA MIMBOE Gaetan | B29: 0 | C29: 0 | D29: 0 | E29: 0 | N29: =+SUM(B29:M29) -> 0 | O29: 0
A30: ONANA NKADA Laurent S. | B30: 0 | C30: 0 | D30: 0 | E30: 0 | F30: 50000 | J30: 100000 | N30: =+SUM(B30:M30) -> 150000 | O30: 14000
A31: ONDOA Jean | B31: 0 | C31: 0 | D31: 0 | E31: 0 | N31: =+SUM(B31:M31) -> 0 | O31: 0
A32: TSANGA TSANGA Christol | B32: 0 | C32: 0 | D32: 200000 | E32: 0 | G32: 350000 | K32: 300000 | N32: =+SUM(B32:M32) -> 850000 | O32: 100000
A33: ZE ANDJE Eric | B33: 100000 | C33: 0 | D33: 0 | E33: 0 | F33: 400000 | H33: 300000 | J33: 400000 | N33: =+SUM(B33:M33) -> 1200000 | O33: 100000
A34: TOTAL | B34: =+SUM(B2:B33) -> 950000 | C34: =+SUM(C2:C33) -> 492000 | D34: =+SUM(D2:D33) -> 2670000 | E34: =+SUM(E2:E33) -> 1280000 | F34: =+SUM(F2:F33) -> 1050000 | G34: =+SUM(G2:G33) -> 1103000 | H34: =+SUM(H2:H33) -> 950000 | I34: =+SUM(I2:I33) -> 1003000 | ... M34: =+SUM(M2:M33) -> 3000 | N34: =+SUM(B34:M34) -> 12751000 | O34: =SUM(O2:O33) -> 5533100 | R34: =SUM(R2:R33) -> 0
O35: =O34+R34 -> 5533100
A36: interets | B36: =B34*0.04 -> 38000 | C36: =C34*0.04 -> 19680 | D36: =D34*0.04 -> 106800 | E36: =E34*0.04 -> 51200 | F36: =F34*0.04 -> 42000 | G36: =G34*0.04 -> 44120 | H36: =H34*0.04 -> 38000 | I36: =I34*0.04 -> 40120 | ... M36: =M34*0.04 -> 120
N38: 2468480
F39: =D7*(4/100) -> 2000

Sheet intérêts
A1: Noms et prénoms | B1: AOUT | C1: SEPT | D1: OCT | E1: NOV | F1: DEC | G1: JANV | H1: FEV | I1: MARS | J1: AVRIL | K1: MAI | L1: JUIN | M1: JUIL | N1: TOTAL
A2: ABENG ZE Jean Claude | B2: =(prets25!B2*(4/100)) -> 0 | C2: =(prets25!C2*(4/100)) -> 0 | D2: =(prets25!D2*(4/100)) -> 0 | E2: =(prets25!E2*(4/100)) -> 16000 | F2: =(prets25!F2*(4/100)) -> 0 | G2: =(prets25!G2*(4/100)) -> 0 | H2: =(prets25!H2*(4/100)) -> 0 | I2: =(prets25!I2*(4/100)) -> 0 | ... M2: =(prets25!M2*(4/100)) -> 0 | N2: =+SUM(B2:M2) -> 18000
A3: BANGA NNA Israel | B3: =(prets25!B3*(4/100)) -> 0 | C3: =(prets25!C3*(4/100)) -> 0 | D3: =(prets25!D3*(4/100)) -> 0 | E3: =(prets25!E3*(4/100)) -> 0 | F3: =(prets25!F3*(4/100)) -> 0 | G3: =(prets25!G3*(4/100)) -> 0 | H3: =(prets25!H3*(4/100)) -> 12000 | I3: =(prets25!I3*(4/100)) -> 0 | ... M3: =(prets25!M3*(4/100)) -> 0 | N3: =+SUM(B3:M3) -> 12000
A4: BISSAI BI NOMBO Fabrice | B4: =(prets25!B4*(4/100)) -> 0 | C4: =(prets25!C4*(4/100)) -> 0 | D4: =(prets25!D4*(4/100)) -> 0 | E4: =(prets25!E4*(4/100)) -> 0 | F4: =(prets25!F4*(4/100)) -> 0 | G4: =(prets25!G4*(4/100)) -> 0 | H4: =(prets25!H4*(4/100)) -> 0 | I4: =(prets25!I4*(4/100)) -> 0 | ... M4: =(prets25!M4*(4/100)) -> 0 | N4: =+SUM(B4:M4) -> 0
A5: BOMBA FOUDA Mathieu | B5: =(prets25!B5*(4/100)) -> 0 | C5: =(prets25!C5*(4/100)) -> 0 | D5: =(prets25!D5*(4/100)) -> 0 | E5: =(prets25!E5*(4/100)) -> 6000 | F5: =(prets25!F5*(4/100)) -> 0 | G5: =(prets25!G5*(4/100)) -> 0 | H5: =(prets25!H5*(4/100)) -> 0 | I5: =(prets25!I5*(4/100)) -> 6000 | ... M5: =(prets25!M5*(4/100)) -> 0 | N5: =+SUM(B5:M5) -> 12000
A6: EBOGO BIKOULA Gilbert | B6: =(prets25!B6*(4/100)) -> 0 | C6: =(prets25!C6*(4/100)) -> 0 | D6: =(prets25!D6*(4/100)) -> 4000 | E6: =(prets25!E6*(4/100)) -> 0 | F6: =(prets25!F6*(4/100)) -> 0 | G6: =(prets25!G6*(4/100)) -> 0 | H6: =(prets25!H6*(4/100)) -> 0 | I6: =(prets25!I6*(4/100)) -> 0 | ... M6: =(prets25!M6*(4/100)) -> 0 | N6: =+SUM(B6:M6) -> 12000
A7: ESSALA Etienne | B7: =(prets25!B7*(4/100)) -> 8000 | C7: =(prets25!C7*(4/100)) -> 0 | D7: =(prets25!D7*(4/100)) -> 2000 | E7: =(prets25!E7*(4/100)) -> 0 | F7: =(prets25!F7*(4/100)) -> 0 | G7: =(prets25!G7*(4/100)) -> 8000 | H7: =(prets25!H7*(4/100)) -> 0 | I7: =(prets25!I7*(4/100)) -> 0 | ... M7: =(prets25!M7*(4/100)) -> 0 | N7: =+SUM(B7:M7) -> 20000
A8: ETOA Yves | B8: =(prets25!B8*(4/100)) -> 0 | C8: =(prets25!C8*(4/100)) -> 0 | D8: =(prets25!D8*(4/100)) -> 12000 | E8: =(prets25!E8*(4/100)) -> 0 | F8: =(prets25!F8*(4/100)) -> 0 | G8: =(prets25!G8*(4/100)) -> 0 | H8: =(prets25!H8*(4/100)) -> 0 | I8: =(prets25!I8*(4/100)) -> 0 | ... M8: =(prets25!M8*(4/100)) -> 0 | N8: =+SUM(B8:M8) -> 12000
A9: EWALA Jacques Philippe | B9: =(prets25!B9*(4/100)) -> 0 | C9: =(prets25!C9*(4/100)) -> 8000 | D9: =(prets25!D9*(4/100)) -> 0 | E9: =(prets25!E9*(4/100)) -> 0 | F9: =(prets25!F9*(4/100)) -> 6000 | G9: =(prets25!G9*(4/100)) -> 4000 | H9: =(prets25!H9*(4/100)) -> 0 | I9: =(prets25!I9*(4/100)) -> 0 | ... M9: =(prets25!M9*(4/100)) -> 0 | N9: =+SUM(B9:M9) -> 18000
A10: FOTUE KAMGUE Kevin | B10: =(prets25!B10*(4/100)) -> 0 | C10: =(prets25!C10*(4/100)) -> 0 | D10: =(prets25!D10*(4/100)) -> 0 | E10: =(prets25!E10*(4/100)) -> 0 | F10: =(prets25!F10*(4/100)) -> 0 | G10: =(prets25!G10*(4/100)) -> 0 | H10: =(prets25!H10*(4/100)) -> 6000 | I10: =(prets25!I10*(4/100)) -> 20000 | ... M10: =(prets25!M10*(4/100)) -> 0 | N10: =+SUM(B10:M10) -> 58000
A11: IPOULE Michel Landry | B11: =(prets25!B11*(4/100)) -> 0 | C11: =(prets25!C11*(4/100)) -> 10160 | D11: =(prets25!D11*(4/100)) -> 0 | E11: =(prets25!E11*(4/100)) -> 8000 | F11: =(prets25!F11*(4/100)) -> 8000 | G11: =(prets25!G11*(4/100)) -> 12120 | H11: =(prets25!H11*(4/100)) -> 0 | I11: =(prets25!I11*(4/100)) -> 0 | ... M11: =(prets25!M11*(4/100)) -> 0 | N11: =+SUM(B11:M11) -> 54280
A12: ITOP Samuel | B12: =(prets25!B12*(4/100)) -> 0 | C12: =(prets25!C12*(4/100)) -> 0 | D12: =(prets25!D12*(4/100)) -> 0 | E12: =(prets25!E12*(4/100)) -> 0 | F12: =(prets25!F12*(4/100)) -> 0 | G12: =(prets25!G12*(4/100)) -> 0 | H12: =(prets25!H12*(4/100)) -> 0 | I12: =(prets25!I12*(4/100)) -> 0 | ... M12: =(prets25!M12*(4/100)) -> 0 | N12: =+SUM(B12:M12) -> 8000
A13: LIKENG BALABA | B13: =(prets25!B13*(4/100)) -> 4000 | C13: =(prets25!C13*(4/100)) -> 0 | D13: =(prets25!D13*(4/100)) -> 8000 | E13: =(prets25!E13*(4/100)) -> 0 | F13: =(prets25!F13*(4/100)) -> 0 | G13: =(prets25!G13*(4/100)) -> 0 | H13: =(prets25!H13*(4/100)) -> 6000 | I13: =(prets25!I13*(4/100)) -> 0 | ... M13: =(prets25!M13*(4/100)) -> 0 | N13: =+SUM(B13:M13) -> 26000
... A33: ZE ANDJE Eric | B33: =(prets25!B33*(4/100)) -> 4000 | C33: =(prets25!C33*(4/100)) -> 0 | D33: =(prets25!D33*(4/100)) -> 0 | E33: =(prets25!E33*(4/100)) -> 0 | F33: =(prets25!F33*(4/100)) -> 16000 | G33: =(prets25!G33*(4/100)) -> 0 | H33: =(prets25!H33*(4/100)) -> 12000 | I33: =(prets25!I33*(4/100)) -> 0 | ... M33: =(prets25!M33*(4/100)) -> 0 | N33: =+SUM(B33:M33) -> 48000
A34: TOTAL | B34: =+SUM(B2:B33) -> 38000 | C34: =+SUM(C2:C33) -> 19680 | D34: =+SUM(D2:D33) -> 106800 | E34: =+SUM(E2:E33) -> 51200 | F34: =+SUM(F2:F33) -> 42000 | G34: =+SUM(G2:G33) -> 44120 | H34: =+SUM(H2:H33) -> 38000 | I34: =+SUM(I2:I33) -> 40120 | ... N34: =+SUM(N2:N33) -> 510040

Sheet tontine
A1: NOMS ET PRENOMS | B1: NOV | C1: DEC | D1: JANV | E1: FEV | F1: MARS | G1: AVRIL | H1: MAI | I1: JUIN | J1: JUIL | K1: AOUT | L1: SEPT | M1: OCT | N1: TOTAL
A2: ABENG ZE Jean Claude | N2: =+SUM(B2:M2) -> 0
A3: BANGA NNA Israel | N3: =+SUM(B3:M3) -> 0
A4: BISSAI BI NOMBO Fabrice | N4: =+SUM(B4:M4) -> 0
A5: BOMBA FOUDA Mathieu | N5: =+SUM(B5:M5) -> 0
A6: EBOGO BIKOULA Gilbert | N6: =+SUM(B6:M6) -> 0
A7: ESSALA Etienne | N7: =+SUM(B7:M7) -> 0
A8: ETOA Yves | N8: =+SUM(B8:M8) -> 0
A9: EWALA Jacques Philippe | N9: =+SUM(B9:M9) -> 0
A10: FOTUE KAMGUE Kevin | N10: =+SUM(B10:M10) -> 0
A11: IPOULE Michel Landry | N11: =+SUM(B11:M11) -> 0
A12: ITOP Samuel | N12: =+SUM(B12:M12) -> 0
A13: LIKENG BALABA | N13: =+SUM(B13:M13) -> 0
... A33: ZE ANDJE Eric | N33: =+SUM(B33:M33) -> 0
A34: total | B34: =+SUM(B2:B33) -> 0 | C34: =+SUM(C2:C33) -> 0 | D34: =+SUM(D2:D33) -> 0 | E34: =+SUM(E2:E33) -> 0 | F34: =+SUM(F2:F33) -> 0 | G34: =+SUM(G2:G33) -> 0 | H34: =+SUM(H2:H33) -> 0 | I34: =+SUM(I2:I33) -> 0 | ... M34: =+SUM(M2:M33) -> 0 | N34: =+SUM(B34:M34) -> 0

Sheet Feuil1

Sheet IntNet
A1: NOMS ET PRENOMS | B1: AOUT+INT | C1: R-INT-AOUT | D1: CUMU-AOUT | E1: SEPT+INT | F1: R-INT-SEP2 | G1: CUMU-SEPT | H1: OCT +INT | I1: R-INT-OCT | J1: CUMU-OCT | K1: NOV+INT | L1: R-INT-NOV | M1: CUMU-NOV | N1: DEC+INT | O1: R-INT-DEC | P1: CUMU-DEC | Q1: JAN+INT | R1: R-INT-JAN | S1: CUMU-JAN | T1: FEV+INT | U1: R-INT-FEV | V1: CUMU-FEV | W1: MARS+INT | X1: R-INT-MARS | Y1: CUMU-MARS | Z1: AVR+INT | AA1: R-INT-AVR | AB1: CUMU-AVR | AC1: MAI+INT | AD1: R-INT-MAI | AE1: CUMU-MAI | AF1: JUIN+INT | AG1: R-INT-JUIN | AH1: CUMU-JUIN | AI1: JUIL+INT | AJ1: R-INT-JUIL | AK1: CUMU-JUIL | AL1: EP TOTALE | AM1: INTERETS | AN1: N A P
A2: ABENG ZE Jean Claude | B2: =((prets!B2)*(4/100)) -> 0 | C2: =((PretsNet!D2)*(4/100)) -> 0 | D2: =+B2+C2 -> 0 | E2: =((prets!C2)*(4/100)) -> 0 | F2: =((PretsNet!D2)*(4/100)) -> 0 | G2: =+E2+F2 -> 0 | H2: =((prets!D2)*(4/100)) -> 0 | I2: =((PretsNet!J2)*(4/100)) -> #REF! | J2: =+H2+I2 -> #REF! | K2: =((prets!E2)*(4/100)) -> 16000 | L2: =((PretsNet!M2)*(4/100)) -> #REF! | M2: =+K2+L2 -> #REF! | N2: =((prets!F2)*(4/100)) -> 16000 | O2: =((PretsNet!P2)*(4/100)) -> #REF! | P2: =+N2+O2 -> #REF! | Q2: =((prets!G2)*(4/100)) -> 16000 | R2: =((PretsNet!S2)*(4/100)) -> #REF! | S2: =+Q2+R2 -> #REF! | T2: =((prets!H2)*(4/100)) -> 16000 | U2: =((PretsNet!V2)*(4/100)) -> #REF! | V2: =+T2+U2 -> #REF! | W2: =((prets!I2)*(4/100)) -> 16000 | X2: =((PretsNet!Y2)*(4/100)) -> #REF! | Y2: =+W2+X2 -> #REF! | Z2: =((prets!J2)*(4/100)) -> 16000 | AA2: =((PretsNet!AB2)*(4/100)) -> #REF! | AB2: =+Z2+AA2 -> #REF! | AC2: =((prets!K2)*(4/100)) -> 16000 | AD2: =((PretsNet!AE2)*(4/100)) -> #REF! | AE2: =+AC2+AD2 -> #REF! | AF2: =((prets!L2)*(4/100)) -> 12000 | AG2: =((PretsNet!AH2)*(4/100)) -> #REF! | AH2: =+AF2+AG2 -> #REF! | AI2: =((prets!M2)*(4/100)) -> 0 | AJ2: =((PretsNet!AK2)*(4/100)) -> #REF! | AK2: =+AI2+AJ2 -> #REF! | AL2: =#REF!+#REF!+#REF!+#REF!+#REF!+O2+R2+U2+X2+AC2+AF2 -> #REF! | AM2: =-AL2+AH2 -> #REF! | AN2: =Tableau47[[#This Row],[EP TOTALE]]+Tableau47[[#This Row],[INTERETS]] -> #REF!
A3: BANGA NNA Israel | B3: =((prets!B3)*(4/100)) -> 0 | C3: =((PretsNet!D3)*(4/100)) -> 0 | D3: =+B3+C3 -> 0 | E3: =((prets!C3)*(4/100)) -> 0 | F3: =((PretsNet!G3)*(4/100)) -> #REF! | G3: =+E3+F3 -> #REF! | H3: =((prets!D3)*(4/100)) -> 0 | I3: =((PretsNet!J3)*(4/100)) -> #REF! | J3: =+H3+I3 -> #REF! | K3: =((prets!E3)*(4/100)) -> 0 | L3: =((PretsNet!M3)*(4/100)) -> #REF! | M3: =+K3+L3 -> #REF! | N3: =((prets!F3)*(4/100)) -> 0 | O3: =((PretsNet!P3)*(4/100)) -> #REF! | P3: =+N3+O3 -> #REF! | Q3: =((prets!G3)*(4/100)) -> 0 | R3: =((PretsNet!S3)*(4/100)) -> #REF! | S3: =+Q3+R3 -> #REF! | T3: =((prets!H3)*(4/100)) -> 12000 | U3: =((PretsNet!V3)*(4/100)) -> #REF! | V3: =+T3+U3 -> #REF! | W3: =((prets!I3)*(4/100)) -> 12000 | X3: =((PretsNet!Y3)*(4/100)) -> #REF! | Y3: =+W3+X3 -> #REF! | Z3: =((prets!J3)*(4/100)) -> 12000 | AA3: =((PretsNet!AB3)*(4/100)) -> #REF! | AB3: =+Z3+AA3 -> #REF! | AC3: =((prets!K3)*(4/100)) -> 12000 | AD3: =((PretsNet!AE3)*(4/100)) -> #REF! | AE3: =+AC3+AD3 -> #REF! | AF3: =((prets!L3)*(4/100)) -> 12000 | AG3: =((PretsNet!AH3)*(4/100)) -> #REF! | AH3: =+AF3+AG3 -> #REF! | AI3: =((prets!M3)*(4/100)) -> 0 | AJ3: =((PretsNet!AK3)*(4/100)) -> 0 | AK3: =+AI3+AJ3 -> 0 | AL3: =#REF!+#REF!+#REF!+#REF!+#REF!+O3+R3+U3+X3+AC3+AF3 -> #REF! | AM3: =-AL3+AH3 -> #REF! | AN3: =Tableau47[[#This Row],[EP TOTALE]]+Tableau47[[#This Row],[INTERETS]] -> #REF!
A4: BISSAI BI NOMBO Fabrice | B4: =((prets!B4)*(4/100)) -> 0 | C4: =((PretsNet!D4)*(4/100)) -> 0 | D4: =+B4+C4 -> 0 | E4: =((prets!C23)*(4/100)) -> 0 | F4: =((PretsNet!G4)*(4/100)) -> 0 | G4: =+E4+F4 -> 0 | H4: =((prets!D23)*(4/100)) -> 0 | I4: =((PretsNet!J4)*(4/100)) -> 0 | J4: =+H4+I4 -> 0 | K4: =((prets!E23)*(4/100)) -> 0 | L4: =((PretsNet!M4)*(4/100)) -> 0 | M4: =+K4+L4 -> 0 | N4: =((prets!F23)*(4/100)) -> 0 | O4: =((PretsNet!P4)*(4/100)) -> 0 | P4: =+N4+O4 -> 0 | Q4: =((prets!G23)*(4/100)) -> 0 | R4: =((PretsNet!S4)*(4/100)) -> 0 | S4: =+Q4+R4 -> 0 | T4: =((prets!H23)*(4/100)) -> 0 | U4: =((PretsNet!V4)*(4/100)) -> 0 | V4: =+T4+U4 -> 0 | W4: =((prets!I23)*(4/100)) -> 0 | X4: =((PretsNet!Y4)*(4/100)) -> 0 | Y4: =+W4+X4 -> 0 | Z4: =((prets!J23)*(4/100)) -> 0 | AA4: =((PretsNet!AB4)*(4/100)) -> 0 | AB4: =+Z4+AA4 -> 0 | AC4: =((prets!K23)*(4/100)) -> 0 | AD4: =((PretsNet!AE4)*(4/100)) -> 0 | AE4: =+AC4+AD4 -> 0 | AF4: =((prets!L23)*(4/100)) -> 0 | AG4: =((PretsNet!AH4)*(4/100)) -> 0 | AH4: =+AF4+AG4 -> 0 | AI4: =((prets!M23)*(4/100)) -> 0 | AJ4: =((PretsNet!AK4)*(4/100)) -> 0 | AK4: =+AI4+AJ4 -> 0 | AL4: =#REF!+#REF!+#REF!+#REF!+#REF!+O4+R4+U4+X4+AC4+AF4 -> #REF! | AM4: =-AL4+AH4 -> #REF! | AN4: =Tableau47[[#This Row],[EP TOTALE]]+Tableau47[[#This Row],[INTERETS]] -> #REF!
A5: BOMBA FOUDA Mathieu | B5: =((prets!B5)*(4/100)) -> 0 | C5: =((PretsNet!D5)*(4/100)) -> 0 | D5: =+B5+C5 -> 0 | E5: =((prets!C24)*(4/100)) -> 10000 | F5: =((PretsNet!G5)*(4/100)) -> #REF! | G5: =+E5+F5 -> #REF! | H5: =((prets!D24)*(4/100)) -> 14000 | I5: =((PretsNet!J5)*(4/100)) -> #REF! | J5: =+H5+I5 -> #REF! | K5: =((prets!E24)*(4/100)) -> 14000 | L5: =((PretsNet!M5)*(4/100)) -> #REF! | M5: =+K5+L5 -> #REF! | N5: =((prets!F24)*(4/100)) -> 14000 | O5: =((PretsNet!P5)*(4/100)) -> #REF! | P5: =+N5+O5 -> #REF! | Q5: =((prets!G24)*(4/100)) -> 18000 | R5: =((PretsNet!S5)*(4/100)) -> #REF! | S5: =+Q5+R5 -> #REF! | T5: =((prets!H24)*(4/100)) -> 18000 | U5: =((PretsNet!V5)*(4/100)) -> #REF! | V5: =+T5+U5 -> #REF! | W5: =((prets!I24)*(4/100)) -> 4120 | X5: =((PretsNet!Y5)*(4/100)) -> #REF! | Y5: =+W5+X5 -> #REF! | Z5: =((prets!J24)*(4/100)) -> 8000 | AA5: =((PretsNet!AB5)*(4/100)) -> #REF! | AB5: =+Z5+AA5 -> #REF! | AC5: =((prets!K24)*(4/100)) -> 0 | AD5: =((PretsNet!AE5)*(4/100)) -> #REF! | AE5: =+AC5+AD5 -> #REF! | AF5: =((prets!L24)*(4/100)) -> 0 | AG5: =((PretsNet!AH5)*(4/100)) -> #REF! | AH5: =+AF5+AG5 -> #REF! | AI5: =((prets!M24)*(4/100)) -> 0 | AJ5: =((PretsNet!AK5)*(4/100)) -> #REF! | AK5: =+AI5+AJ5 -> #REF! | AL5: =#REF!+#REF!+#REF!+#REF!+#REF!+O5+R5+U5+X5+AC5+AF5 -> #REF! | AM5: =-AL5+AH5 -> #REF! | AN5: =Tableau47[[#This Row],[EP TOTALE]]+Tableau47[[#This Row],[INTERETS]] -> #REF!
A6: EBOGO BIKOULA Gilbert | B6: =((prets!B6)*(4/100)) -> 0 | C6: =((PretsNet!D6)*(4/100)) -> 0 | D6: =+B6+C6 -> 0 | E6: =((prets!C25)*(4/100)) -> 0 | F6: =((PretsNet!G6)*(4/100)) -> #REF! | G6: =+E6+F6 -> #REF! | H6: =((prets!D25)*(4/100)) -> 0 | I6: =((PretsNet!J6)*(4/100)) -> #REF! | J6: =+H6+I6 -> #REF! | K6: =((prets!E25)*(4/100)) -> 0 | L6: =((PretsNet!M6)*(4/100)) -> #REF! | M6: =+K6+L6 -> #REF! | N6: =((prets!F25)*(4/100)) -> 0 | O6: =((PretsNet!P6)*(4/100)) -> #REF! | P6: =+N6+O6 -> #REF! | Q6: =((prets!G25)*(4/100)) -> 2000 | R6: =((PretsNet!S6)*(4/100)) -> #REF! | S6: =+Q6+R6 -> #REF! | T6: =((prets!H25)*(4/100)) -> 2000 | U6: =((PretsNet!V6)*(4/100)) -> #REF! | V6: =+T6+U6 -> #REF! | W6: =((prets!I25)*(4/100)) -> 2000 | X6: =((PretsNet!Y6)*(4/100)) -> #REF! | Y6: =+W6+X6 -> #REF! | Z6: =((prets!J25)*(4/100)) -> 2000 | AA6: =((PretsNet!AB6)*(4/100)) -> #REF! | AB6: =+Z6+AA6 -> #REF! | AC6: =((prets!K25)*(4/100)) -> 2000 | AD6: =((PretsNet!AE6)*(4/100)) -> #REF! | AE6: =+AC6+AD6 -> #REF! | AF6: =((prets!L25)*(4/100)) -> 2000 | AG6: =((PretsNet!AH6)*(4/100)) -> #REF! | AH6: =+AF6+AG6 -> #REF! | AI6: =((prets!M25)*(4/100)) -> 0 | AJ6: =((PretsNet!AK6)*(4/100)) -> 0 | AK6: =+AI6+AJ6 -> 0 | AL6: =#REF!+#REF!+#REF!+#REF!+#REF!+O6+R6+U6+X6+AC6+AF6 -> #REF! | AM6: =-AL6+AH6 -> #REF! | AN6: =Tableau47[[#This Row],[EP TOTALE]]+Tableau47[[#This Row],[INTERETS]] -> #REF!
A7: ESSALA Etienne | B7: =((prets!B7)*(4/100)) -> 8000 | C7: =((PretsNet!D7)*(4/100)) -> 0 | D7: =+B7+C7 -> 8000 | E7: =((prets!C26)*(4/100)) -> 0 | F7: =((PretsNet!G7)*(4/100)) -> #REF! | G7: =+E7+F7 -> #REF! | H7: =((prets!D26)*(4/100)) -> 0 | I7: =((PretsNet!J7)*(4/100)) -> #REF! | J7: =+H7+I7 -> #REF! | K7: =((prets!E26)*(4/100)) -> 8000 | L7: =((PretsNet!M7)*(4/100)) -> #REF! | M7: =+K7+L7 -> #REF! | N7: =((prets!F26)*(4/100)) -> 14000 | O7: =((PretsNet!P7)*(4/100)) -> #REF! | P7: =+N7+O7 -> #REF! | Q7: =((prets!G26)*(4/100)) -> 14000 | R7: =((PretsNet!S7)*(4/100)) -> #REF! | S7: =+Q7+R7 -> #REF! | T7: =((prets!H26)*(4/100)) -> 0 | U7: =((PretsNet!V7)*(4/100)) -> #REF! | V7: =+T7+U7 -> #REF! | W7: =((prets!I26)*(4/100)) -> 0 | X7: =((PretsNet!Y7)*(4/100)) -> #REF! | Y7: =+W7+X7 -> #REF! | Z7: =((prets!J26)*(4/100)) -> 0 | AA7: =((PretsNet!AB7)*(4/100)) -> #REF! | AB7: =+Z7+AA7 -> #REF! | AC7: =((prets!K26)*(4/100)) -> 0 | AD7: =((PretsNet!AE7)*(4/100)) -> #REF! | AE7: =+AC7+AD7 -> #REF! | AF7: =((prets!L26)*(4/100)) -> 0 | AG7: =((PretsNet!AH7)*(4/100)) -> #REF! | AH7: =+AF7+AG7 -> #REF! | AI7: =((prets!M26)*(4/100)) -> 0 | AJ7: =((PretsNet!AK7)*(4/100)) -> #REF! | AK7: =+AI7+AJ7 -> #REF! | AL7: =#REF!+#REF!+#REF!+#REF!+#REF!+O7+R7+U7+X7+AC7+AF7 -> #REF! | AM7: =-AL7+AH7 -> #REF! | AN7: =Tableau47[[#This Row],[EP TOTALE]]+Tableau47[[#This Row],[INTERETS]] -> #REF!
A8: ETOA Yves | B8: =((prets!B8)*(4/100)) -> 0 | C8: =((PretsNet!D8)*(4/100)) -> 0 | D8: =+B8+C8 -> 0 | E8: =((prets!C27)*(4/100)) -> 0 | F8: =((PretsNet!G8)*(4/100)) -> #REF! | G8: =+E8+F8 -> #REF! | H8: =((prets!D27)*(4/100)) -> 8000 | I8: =((PretsNet!J8)*(4/100)) -> #REF! | J8: =+H8+I8 -> #REF! | K8: =((prets!E27)*(4/100)) -> 8000 | L8: =((PretsNet!M8)*(4/100)) -> #REF! | M8: =+K8+L8 -> #REF! | N8: =((prets!F27)*(4/100)) -> 8000 | O8: =((PretsNet!P8)*(4/100)) -> #REF! | P8: =+N8+O8 -> #REF! | Q8: =((prets!G27)*(4/100)) -> 8000 | R8: =((PretsNet!S8)*(4/100)) -> #REF! | S8: =+Q8+R8 -> #REF! | T8: =((prets!H27)*(4/100)) -> 8000 | U8: =((PretsNet!V8)*(4/100)) -> #REF! | V8: =+T8+U8 -> #REF! | W8: =((prets!I27)*(4/100)) -> 8000 | X8: =((PretsNet!Y8)*(4/100)) -> #REF! | Y8: =+W8+X8 -> #REF! | Z8: =((prets!J27)*(4/100)) -> 8000 | AA8: =((PretsNet!AB8)*(4/100)) -> #REF! | AB8: =+Z8+AA8 -> #REF! | AC8: =((prets!K27)*(4/100)) -> 22000 | AD8: =((PretsNet!AE8)*(4/100)) -> #REF! | AE8: =+AC8+AD8 -> #REF! | AF8: =((prets!L27)*(4/100)) -> 34120 | AG8: =((PretsNet!AH8)*(4/100)) -> #REF! | AH8: =+AF8+AG8 -> #REF! | AI8: =((prets!M27)*(4/100)) -> 0 | AJ8: =((PretsNet!AK8)*(4/100)) -> 0 | AK8: =+AI8+AJ8 -> 0 | AL8: =#REF!+#REF!+#REF!+#REF!+#REF!+O8+R8+U8+X8+AC8+AF8 -> #REF! | AM8: =-AL8+AH8 -> #REF! | AN8: =Tableau47[[#This Row],[EP TOTALE]]+Tableau47[[#This Row],[INTERETS]] -> #REF!
A9: EWALA Jacques Philippe | B9: =((prets!B9)*(4/100)) -> 0 | C9: =((PretsNet!D9)*(4/100)) -> #REF! | D9: =+B9+C9 -> #REF! | E9: =((prets!C28)*(4/100)) -> 8000 | F9: =((PretsNet!G9)*(4/100)) -> #REF! | G9: =+E9+F9 -> #REF! | H9: =((prets!D28)*(4/100)) -> 20000 | I9: =((PretsNet!J9)*(4/100)) -> #REF! | J9: =+H9+I9 -> #REF! | K9: =((prets!E28)*(4/100)) -> 20000 | L9: =((PretsNet!M9)*(4/100)) -> #REF! | M9: =+K9+L9 -> #REF! | N9: =((prets!F28)*(4/100)) -> 24000 | O9: =((PretsNet!P9)*(4/100)) -> #REF! | P9: =+N9+O9 -> #REF! | Q9: =((prets!G28)*(4/100)) -> 24000 | R9: =((PretsNet!S9)*(4/100)) -> #REF! | S9: =+Q9+R9 -> #REF! | T9: =((prets!H28)*(4/100)) -> 24000 | U9: =((PretsNet!V9)*(4/100)) -> #REF! | V9: =+T9+U9 -> #REF! | W9: =((prets!I28)*(4/100)) -> 24000 | X9: =((PretsNet!Y9)*(4/100)) -> #REF! | Y9: =+W9+X9 -> #REF! | Z9: =((prets!J28)*(4/100)) -> 0 | AA9: =((PretsNet!AB9)*(4/100)) -> #REF! | AB9: =+Z9+AA9 -> #REF! | AC9: =((prets!K28)*(4/100)) -> 0 | AD9: =((PretsNet!AE9)*(4/100)) -> #REF! | AE9: =+AC9+AD9 -> #REF! | AF9: =((prets!L28)*(4/100)) -> 0 | AG9: =((PretsNet!AH9)*(4/100)) -> #REF! | AH9: =+AF9+AG9 -> #REF! | AI9: =((prets!M28)*(4/100)) -> 0 | AJ9: =((PretsNet!AK9)*(4/100)) -> 0 | AK9: =+AI9+AJ9 -> 0 | AL9: =#REF!+#REF!+#REF!+#REF!+#REF!+O9+R9+U9+X9+AC9+AF9 -> #REF! | AM9: =-AL9+AH9 -> #REF! | AN9: =Tableau47[[#This Row],[EP TOTALE]]+Tableau47[[#This Row],[INTERETS]] -> #REF!
A10: FOTUE KAMGUE Kevin | B10: =((prets!B10)*(4/100)) -> 0 | C10: =((PretsNet!D10)*(4/100)) -> 0 | D10: =+B10+C10 -> 0 | E10: =((prets!C29)*(4/100)) -> 0 | F10: =((PretsNet!G10)*(4/100)) -> #REF! | G10: =+E10+F10 -> #REF! | H10: =((prets!D29)*(4/100)) -> 0 | I10: =((PretsNet!J10)*(4/100)) -> #REF! | J10: =+H10+I10 -> #REF! | K10: =((prets!E29)*(4/100)) -> 0 | L10: =((PretsNet!M10)*(4/100)) -> #REF! | M10: =+K10+L10 -> #REF! | N10: =((prets!F29)*(4/100)) -> 0 | O10: =((PretsNet!P10)*(4/100)) -> #REF! | P10: =+N10+O10 -> #REF! | Q10: =((prets!G29)*(4/100)) -> 0 | R10: =((PretsNet!S10)*(4/100)) -> #REF! | S10: =+Q10+R10 -> #REF! | T10: =((prets!H29)*(4/100)) -> 0 | U10: =((PretsNet!V10)*(4/100)) -> #REF! | V10: =+T10+U10 -> #REF! | W10: =((prets!I29)*(4/100)) -> 0 | X10: =((PretsNet!Y10)*(4/100)) -> #REF! | Y10: =+W10+X10 -> #REF! | Z10: =((prets!J29)*(4/100)) -> 0 | AA10: =((PretsNet!AB10)*(4/100)) -> #REF! | AB10: =+Z10+AA10 -> #REF! | AC10: =((prets!K29)*(4/100)) -> 0 | AD10: =((PretsNet!AE10)*(4/100)) -> #REF! | AE10: =+AC10+AD10 -> #REF! | AF10: =((prets!L29)*(4/100)) -> 0 | AG10: =((PretsNet!AH10)*(4/100)) -> #REF! | AH10: =+AF10+AG10 -> #REF! | AI10: =((prets!M29)*(4/100)) -> 0 | AJ10: =((PretsNet!AK10)*(4/100)) -> #REF! | AK10: =+AI10+AJ10 -> #REF! | AL10: =#REF!+#REF!+#REF!+#REF!+#REF!+O10+R10+U10+X10+AC10+AF10 -> #REF! | AM10: =-AL10+AH10 -> #REF! | AN10: =Tableau47[[#This Row],[EP TOTALE]]+Tableau47[[#This Row],[INTERETS]] -> #REF!
A11: IPOULE Michel Landry | B11: =((prets!B11)*(4/100)) -> 0 | C11: =((PretsNet!D11)*(4/100)) -> 0 | D11: =+B11+C11 -> 0 | E11: =((prets!C30)*(4/100)) -> 0 | F11: =((PretsNet!G11)*(4/100)) -> #REF! | G11: =+E11+F11 -> #REF! | H11: =((prets!D30)*(4/100)) -> 0 | I11: =((PretsNet!J11)*(4/100)) -> #REF! | J11: =+H11+I11 -> #REF! | K11: =((prets!E30)*(4/100)) -> 0 | L11: =((PretsNet!M11)*(4/100)) -> #REF! | M11: =+K11+L11 -> #REF! | N11: =((prets!F30)*(4/100)) -> 2000 | O11: =((PretsNet!P11)*(4/100)) -> #REF! | P11: =+N11+O11 -> #REF! | Q11: =((prets!G30)*(4/100)) -> 2000 | R11: =((PretsNet!S11)*(4/100)) -> #REF! | S11: =+Q11+R11 -> #REF! | T11: =((prets!H30)*(4/100)) -> 2000 | U11: =((PretsNet!V11)*(4/100)) -> #REF! | V11: =+T11+U11 -> #REF! | W11: =((prets!I30)*(4/100)) -> 2000 | X11: =((PretsNet!Y11)*(4/100)) -> #REF! | Y11: =+W11+X11 -> #REF! | Z11: =((prets!J30)*(4/100)) -> 6000 | AA11: =((PretsNet!AB11)*(4/100)) -> #REF! | AB11: =+Z11+AA11 -> #REF! | AC11: =((prets!K30)*(4/100)) -> 6000 | AD11: =((PretsNet!AE11)*(4/100)) -> #REF! | AE11: =+AC11+AD11 -> #REF! | AF11: =((prets!L30)*(4/100)) -> 6000 | AG11: =((PretsNet!AH11)*(4/100)) -> #REF! | AH11: =+AF11+AG11 -> #REF! | AI11: =((prets!M30)*(4/100)) -> 0 | AJ11: =((PretsNet!AK11)*(4/100)) -> 0 | AK11: =+AI11+AJ11 -> 0 | AL11: =#REF!+#REF!+#REF!+#REF!+#REF!+O11+R11+U11+X11+AC11+AF11 -> #REF! | AM11: =-AL11+AH11 -> #REF! | AN11: =Tableau47[[#This Row],[EP TOTALE]]+Tableau47[[#This Row],[INTERETS]] -> #REF!
A12: ITOP Samuel | B12: =((prets!B12)*(4/100)) -> 0 | C12: =((PretsNet!D12)*(4/100)) -> 0 | D12: =+B12+C12 -> 0 | E12: =((prets!C31)*(4/100)) -> 0 | F12: =((PretsNet!G12)*(4/100)) -> #REF! | G12: =+E12+F12 -> #REF! | H12: =((prets!D31)*(4/100)) -> 0 | I12: =((PretsNet!J12)*(4/100)) -> #REF! | J12: =+H12+I12 -> #REF! | K12: =((prets!E31)*(4/100)) -> 0 | L12: =((PretsNet!M12)*(4/100)) -> #REF! | M12: =+K12+L12 -> #REF! | N12: =((prets!F31)*(4/100)) -> 0 | O12: =((PretsNet!P12)*(4/100)) -> #REF! | P12: =+N12+O12 -> #REF! | Q12: =((prets!G31)*(4/100)) -> 0 | R12: =((PretsNet!S12)*(4/100)) -> #REF! | S12: =+Q12+R12 -> #REF! | T12: =((prets!H31)*(4/100)) -> 0 | U12: =((PretsNet!V12)*(4/100)) -> #REF! | V12: =+T12+U12 -> #REF! | W12: =((prets!I31)*(4/100)) -> 0 | X12: =((PretsNet!Y12)*(4/100)) -> #REF! | Y12: =+W12+X12 -> #REF! | Z12: =((prets!J31)*(4/100)) -> 0 | AA12: =((PretsNet!AB12)*(4/100)) -> #REF! | AB12: =+Z12+AA12 -> #REF! | AC12: =((prets!K31)*(4/100)) -> 0 | AD12: =((PretsNet!AE12)*(4/100)) -> #REF! | AE12: =+AC12+AD12 -> #REF! | AF12: =((prets!L31)*(4/100)) -> 0 | AG12: =((PretsNet!AH12)*(4/100)) -> #REF! | AH12: =+AF12+AG12 -> #REF! | AI12: =((prets!M31)*(4/100)) -> 0 | AJ12: =((PretsNet!AK12)*(4/100)) -> #REF! | AK12: =+AI12+AJ12 -> #REF! | AL12: =#REF!+#REF!+#REF!+#REF!+#REF!+O12+R12+U12+X12+AC12+AF12 -> #REF! | AM12: =-AL12+AH12 -> #REF! | AN12: =Tableau47[[#This Row],[EP TOTALE]]+Tableau47[[#This Row],[INTERETS]] -> #REF!
A13: LIKENG BALABA | B13: =((prets!B13)*(4/100)) -> 4000 | C13: =((PretsNet!D13)*(4/100)) -> 0 | D13: =+B13+C13 -> 4000 | E13: =((prets!C32)*(4/100)) -> 0 | F13: =((PretsNet!G13)*(4/100)) -> #REF! | G13: =+E13+F13 -> #REF! | H13: =((prets!D32)*(4/100)) -> 8000 | I13: =((PretsNet!J13)*(4/100)) -> #REF! | J13: =+H13+I13 -> #REF! | K13: =((prets!E32)*(4/100)) -> 16000 | L13: =((PretsNet!M13)*(4/100)) -> #REF! | M13: =+K13+L13 -> #REF! | N13: =((prets!F32)*(4/100)) -> 16000 | O13: =((PretsNet!P13)*(4/100)) -> #REF! | P13: =+N13+O13 -> #REF! | Q13: =((prets!G32)*(4/100)) -> 30000 | R13: =((PretsNet!S13)*(4/100)) -> #REF! | S13: =+Q13+R13 -> #REF! | T13: =((prets!H32)*(4/100)) -> 26000 | U13: =((PretsNet!V13)*(4/100)) -> #REF! | V13: =+T13+U13 -> #REF! | W13: =((prets!I32)*(4/100)) -> 26000 | X13: =((PretsNet!Y13)*(4/100)) -> #REF! | Y13: =+W13+X13 -> #REF! | Z13: =((prets!J32)*(4/100)) -> 26000 | AA13: =((PretsNet!AB13)*(4/100)) -> #REF! | AB13: =+Z13+AA13 -> #REF! | AC13: =((prets!K32)*(4/100)) -> 26000 | AD13: =((PretsNet!AE13)*(4/100)) -> #REF! | AE13: =+AC13+AD13 -> #REF! | AF13: =((prets!L32)*(4/100)) -> 26000 | AG13: =((PretsNet!AH13)*(4/100)) -> #REF! | AH13: =+AF13+AG13 -> #REF! | AI13: =((prets!M32)*(4/100)) -> 0 | AJ13: =((PretsNet!AK13)*(4/100)) -> #REF! | AK13: =+AI13+AJ13 -> #REF! | AL13: =#REF!+#REF!+#REF!+#REF!+#REF!+O13+R13+U13+X13+AC13+AF13 -> #REF! | AM13: =-AL13+AH13 -> #REF! | AN13: =Tableau47[[#This Row],[EP TOTALE]]+Tableau47[[#This Row],[INTERETS]] -> #REF!
A14: MAMA Paul Yannick | B14: =((prets!B14)*(4/100)) -> 0 | C14: =((PretsNet!D14)*(4/100)) -> 0 | D14: =+B14+C14 -> 0 | E14: =((prets!C33)*(4/100)) -> 4000 | F14: =((PretsNet!G14)*(4/100)) -> #REF! | G14: =+E14+F14 -> #REF! | H14: =((prets!D33)*(4/100)) -> 4000 | I14: =((PretsNet!J14)*(4/100)) -> #REF! | J14: =+H14+I14 -> #REF! | K14: =((prets!E33)*(4/100)) -> 4000 | L14: =((PretsNet!M14)*(4/100)) -> #REF! | M14: =+K14+L14 -> #REF! | N14: =((prets!F33)*(4/100)) -> 20000 | O14: =((PretsNet!P14)*(4/100)) -> #REF! | P14: =+N14+O14 -> #REF! | Q14: =((prets!G33)*(4/100)) -> 20000 | R14: =((PretsNet!S14)*(4/100)) -> #REF! | S14: =+Q14+R14 -> #REF! | T14: =((prets!H33)*(4/100)) -> 32000 | U14: =((PretsNet!V14)*(4/100)) -> #REF! | V14: =+T14+U14 -> #REF! | W14: =((prets!I33)*(4/100)) -> 28000 | X14: =((PretsNet!Y14)*(4/100)) -> #REF! | Y14: =+W14+X14 -> #REF! | Z14: =((prets!J33)*(4/100)) -> 44000 | AA14: =((PretsNet!AB14)*(4/100)) -> #REF! | AB14: =+Z14+AA14 -> #REF! | AC14: =((prets!K33)*(4/100)) -> 44000 | AD14: =((PretsNet!AE14)*(4/100)) -> #REF! | AE14: =+AC14+AD14 -> #REF! | AF14: =((prets!L33)*(4/100)) -> 44000 | AG14: =((PretsNet!AH14)*(4/100)) -> #REF! | AH14: =+AF14+AG14 -> #REF! | AI14: =((prets!M33)*(4/100)) -> 0 | AJ14: =((PretsNet!AK14)*(4/100)) -> #REF! | AK14: =+AI14+AJ14 -> #REF! | AL14: =#REF!+#REF!+#REF!+#REF!+#REF!+O14+R14+U14+X14+AC14+AF14 -> #REF! | AM14: =-AL14+AH14 -> #REF! | AN14: =Tableau47[[#This Row],[EP TOTALE]]+Tableau47[[#This Row],[INTERETS]] -> #REF!
A15: MANI EKOUDI François M. | B15: =((prets!B15)*(4/100)) -> 0 | C15: =((PretsNet!D15)*(4/100)) -> 0 | D15: =+B15+C15 -> 0 | E15: =((prets!C15)*(4/100)) -> 1520 | F15: =((PretsNet!G15)*(4/100)) -> #REF! | G15: =+H15+E15 -> 7040 | H15: =((prets!D15)*(4/100)) -> 5520 | I15: =((PretsNet!J15)*(4/100)) -> #REF! | J15: =+H15+#REF! -> #REF! | K15: =+J15*(1+77100/1425760) -> #REF! | L15: =((PretsNet!M15)*(4/100)) -> #REF! | M15: =+K15+#REF! -> #REF! | N15: =+M15*(1+85300/1554560) -> #REF! | P15: =+N15+O15 -> #REF! | Q15: =+P15*(1+108300/1711860) -> #REF! | S15: =+Q15+R15 -> #REF! | T15: =+S15*(1+113600/1822160) -> #REF! | V15: =+T15+U15 -> #REF! | W15: =+V15*(1+125950/2067260) -> #REF! | Y15: =+W15+X15 -> #REF! | Z15: =+Y15*(1+110250/2193210) -> #REF! | AA15: =((PretsNet!AB15)*(4/100)) -> #REF! | AB15: =+Z15+AA15 -> #REF! | AD15: =+Z15+AC15 -> #REF! | AE15: =+AD15*(1+0/2303460) -> #REF! | AG15: =+AE15+AF15 -> #REF! | AH15: =+AG15*(1+0/2303460) -> #REF! | AJ15: =+AH15+AI15 -> #REF! | AK15: =+AJ15*(1+0/2303460) -> #REF! | AL15: =#REF!+#REF!+#REF!+#REF!+#REF!+O15+R15+U15+X15+AC15+AF15 -> #REF! | AM15: =-AL15+AH15 -> #REF! | AN15: =Tableau47[[#This Row],[EP TOTALE]]+Tableau47[[#This Row],[INTERETS]] -> #REF!
A16: MBA ENYOUGOU Bernard | B16: =((prets!B16)*(4/100)) -> 0 | C16: =((PretsNet!D16)*(4/100)) -> 0 | D16: =+B16+C16 -> 0 | E16: =((prets!C16)*(4/100)) -> 0 | F16: =((PretsNet!G16)*(4/100)) -> #REF! | G16: =+H16+E16 -> 0 | H16: =((prets!D16)*(4/100)) -> 0 | I16: =((PretsNet!J16)*(4/100)) -> #REF! | J16: =+H16+#REF! -> #REF! | K16: =+J16*(1+77100/1425760) -> #REF! | L16: =((PretsNet!M16)*(4/100)) -> #REF! | M16: =+K16+#REF! -> #REF! | N16: =+M16*(1+85300/1554560) -> #REF! | P16: =+N16+O16 -> #REF! | Q16: =+P16*(1+108300/1711860) -> #REF! | S16: =+Q16+R16 -> #REF! | T16: =+S16*(1+113600/1822160) -> #REF! | V16: =+T16+U16 -> #REF! | W16: =+V16*(1+125950/2067260) -> #REF! | Y16: =+W16+X16 -> #REF! | Z16: =+Y16*(1+110250/2193210) -> #REF! | AA16: =((PretsNet!AB16)*(4/100)) -> #REF! | AB16: =+Z16+AA16 -> #REF! | AD16: =+Z16+AC16 -> #REF! | AE16: =+AD16*(1+0/2303460) -> #REF! | AG16: =+AE16+AF16 -> #REF! | AH16: =+AG16*(1+0/2303460) -> #REF! | AJ16: =+AH16+AI16 -> #REF! | AK16: =+AJ16*(1+0/2303460) -> #REF! | AL16: =#REF!+#REF!+#REF!+#REF!+#REF!+O16+R16+U16+X16+AC16+AF16 -> #REF! | AM16: =-AL16+AH16 -> #REF! | AN16: =Tableau47[[#This Row],[EP TOTALE]]+Tableau47[[#This Row],[INTERETS]] -> #REF!
A17: MBADI Homer Paul | B17: =((prets!B17)*(4/100)) -> 0 | C17: =((PretsNet!D17)*(4/100)) -> 0 | D17: =+B17+C17 -> 0 | E17: =((prets!C17)*(4/100)) -> 0 | F17: =((PretsNet!G17)*(4/100)) -> #REF! | G17: =+H17+E17 -> 0 | H17: =((prets!D17)*(4/100)) -> 0 | I17: =((PretsNet!J17)*(4/100)) -> #REF! | J17: =+H17+#REF! -> #REF! | K17: =+J17*(1+77100/1425760) -> #REF! | L17: =((PretsNet!M17)*(4/100)) -> #REF! | M17: =+K17+#REF! -> #REF! | N17: =+M17*(1+85300/1554560) -> #REF! | P17: =+N17+O17 -> #REF! | Q17: =+P17*(1+108300/1711860) -> #REF! | S17: =+Q17+R17 -> #REF! | T17: =+S17*(1+113600/1822160) -> #REF! | V17: =+T17+U17 -> #REF! | W17: =+V17*(1+125950/2067260) -> #REF! | Y17: =+W17+X17 -> #REF! | Z17: =+Y17*(1+110250/2193210) -> #REF! | AA17: =((PretsNet!AB17)*(4/100)) -> #REF! | AB17: =+Z17+AA17 -> #REF! | AD17: =+Z17+AC17 -> #REF! | AE17: =+AD17*(1+0/2303460) -> #REF! | AG17: =+AE17+AF17 -> #REF! | AH17: =+AG17*(1+0/2303460) -> #REF! | AJ17: =+AH17+AI17 -> #REF! | AK17: =+AJ17*(1+0/2303460) -> #REF! | AL17: =#REF!+#REF!+#REF!+#REF!+#REF!+O17+R17+U17+X17+AC17+AF17 -> #REF! | AM17: =-AL17+AH17 -> #REF! | AN17: =Tableau47[[#This Row],[EP TOTALE]]+Tableau47[[#This Row],[INTERETS]] -> #REF!
A18: MBAMBA NSOA Jean Paul | B18: =((prets!B18)*(4/100)) -> 0 | C18: =((PretsNet!D18)*(4/100)) -> 0 | D18: =+B18+C18 -> 0 | E18: =((prets!C18)*(4/100)) -> 0 | F18: =((PretsNet!G18)*(4/100)) -> #REF! | G18: =+H18+E18 -> 8000 | H18: =((prets!D18)*(4/100)) -> 8000 | I18: =((PretsNet!J18)*(4/100)) -> #REF! | J18: =+H18+#REF! -> #REF! | K18: =+J18*(1+77100/1425760) -> #REF! | L18: =((PretsNet!M18)*(4/100)) -> #REF! | M18: =+K18+#REF! -> #REF! | N18: =+M18*(1+85300/1554560) -> #REF! | P18: =+N18+O18 -> #REF! | Q18: =+P18*(1+108300/1711860) -> #REF! | S18: =+Q18+R18 -> #REF! | T18: =+S18*(1+113600/1822160) -> #REF! | V18: =+T18+U18 -> #REF! | W18: =+V18*(1+125950/2067260) -> #REF! | Y18: =+W18+X18 -> #REF! | Z18: =+Y18*(1+110250/2193210) -> #REF! | AA18: =((PretsNet!AB18)*(4/100)) -> #REF! | AB18: =+Z18+AA18 -> #REF! | AD18: =+Z18+AC18 -> #REF! | AE18: =+AD18*(1+0/2303460) -> #REF! | AG18: =+AE18+AF18 -> #REF! | AH18: =+AG18*(1+0/2303460) -> #REF! | AJ18: =+AH18+AI18 -> #REF! | AK18: =+AJ18*(1+0/2303460) -> #REF! | AL18: =#REF!+#REF!+#REF!+#REF!+#REF!+O18+R18+U18+X18+AC18+AF18 -> #REF! | AM18: =-AL18+AH18 -> #REF! | AN18: =Tableau47[[#This Row],[EP TOTALE]]+Tableau47[[#This Row],[INTERETS]] -> #REF!
A19: MENGUE François Xavier | B19: =((prets!B19)*(4/100)) -> 4000 | C19: =((PretsNet!D19)*(4/100)) -> 0 | D19: =+B19+C19 -> 4000 | E19: =((prets!C19)*(4/100)) -> 4000 | F19: =((PretsNet!G19)*(4/100)) -> #REF! | G19: =+H19+E19 -> 8000 | H19: =((prets!D19)*(4/100)) -> 4000 | I19: =((PretsNet!J19)*(4/100)) -> #REF! | J19: =+H19+#REF! -> #REF! | K19: =+J19*(1+77100/1425760) -> #REF! | L19: =((PretsNet!M19)*(4/100)) -> #REF! | M19: =+K19+#REF! -> #REF! | N19: =+M19*(1+85300/1554560) -> #REF! | P19: =+N19+O19 -> #REF! | Q19: =+P19*(1+108300/1711860) -> #REF! | S19: =+Q19+R19 -> #REF! | T19: =+S19*(1+113600/1822160) -> #REF! | V19: =+T19+U19 -> #REF! | W19: =+V19*(1+125950/2067260) -> #REF! | Y19: =+W19+X19 -> #REF! | Z19: =+Y19*(1+110250/2193210) -> #REF! | AA19: =((PretsNet!AB19)*(4/100)) -> #REF! | AB19: =+Z19+AA19 -> #REF! | AD19: =+Z19+AC19 -> #REF! | AE19: =+AD19*(1+0/2303460) -> #REF! | AG19: =+AE19+AF19 -> #REF! | AH19: =+AG19*(1+0/2303460) -> #REF! | AJ19: =+AH19+AI19 -> #REF! | AK19: =+AJ19*(1+0/2303460) -> #REF! | AL19: =#REF!+#REF!+#REF!+#REF!+#REF!+O19+R19+U19+X19+AC19+AF19 -> #REF! | AM19: =-AL19+AH19 -> #REF! | AN19: =Tableau47[[#This Row],[EP TOTALE]]+Tableau47[[#This Row],[INTERETS]] -> #REF!
A20: MIONG RIGOBERT Dieudonné | B20: =((prets!B20)*(4/100)) -> 0 | C20: =((PretsNet!D20)*(4/100)) -> 0 | D20: =+B20+C20 -> 0 | E20: =((prets!C20)*(4/100)) -> 0 | F20: =((PretsNet!G20)*(4/100)) -> #REF! | G20: =+H20+E20 -> 0 | H20: =((prets!D20)*(4/100)) -> 0 | I20: =((PretsNet!J20)*(4/100)) -> #REF! | J20: =+H20+#REF! -> #REF! | K20: =+J20*(1+77100/1425760) -> #REF! | L20: =((PretsNet!M20)*(4/100)) -> #REF! | M20: =+K20+#REF! -> #REF! | N20: =+M20*(1+85300/1554560) -> #REF! | P20: =+N20+O20 -> #REF! | Q20: =+P20*(1+108300/1711860) -> #REF! | S20: =+Q20+R20 -> #REF! | T20: =+S20*(1+113600/1822160) -> #REF! | V20: =+T20+U20 -> #REF! | W20: =+V20*(1+125950/2067260) -> #REF! | Y20: =+W20+X20 -> #REF! | Z20: =+Y20*(1+110250/2193210) -> #REF! | AA20: =((PretsNet!AB20)*(4/100)) -> #REF! | AB20: =+Z20+AA20 -> #REF! | AD20: =+Z20+AC20 -> #REF! | AE20: =+AD20*(1+0/2303460) -> #REF! | AG20: =+AE20+AF20 -> #REF! | AH20: =+AG20*(1+0/2303460) -> #REF! | AJ20: =+AH20+AI20 -> #REF! | AK20: =+AJ20*(1+0/2303460) -> #REF! | AL20: =#REF!+#REF!+#REF!+#REF!+#REF!+O20+R20+U20+X20+AC20+AF20 -> #REF! | AM20: =-AL20+AH20 -> #REF! | AN20: =Tableau47[[#This Row],[EP TOTALE]]+Tableau47[[#This Row],[INTERETS]] -> #REF!
A21: NDJOCK Thaddée Rodrigue | B21: =((prets!B21)*(4/100)) -> 0 | C21: =((PretsNet!D21)*(4/100)) -> 0 | D21: =+B21+C21 -> 0 | E21: =((prets!C21)*(4/100)) -> 0 | F21: =((PretsNet!G21)*(4/100)) -> -600 | G21: =+H21+E21 -> 36800 | H21: =((prets!D21)*(4/100)) -> 36800 | I21: =((PretsNet!J21)*(4/100)) -> #REF! | J21: =+H21+#REF! -> #REF! | K21: =+J21*(1+77100/1425760) -> #REF! | L21: =((PretsNet!M21)*(4/100)) -> #REF! | M21: =+K21+#REF! -> #REF! | N21: =+M21*(1+85300/1554560) -> #REF! | P21: =+N21+O21 -> #REF! | Q21: =+P21*(1+108300/1711860) -> #REF! | S21: =+Q21+R21 -> #REF! | T21: =+S21*(1+113600/1822160) -> #REF! | V21: =+T21+U21 -> #REF! | W21: =+V21*(1+125950/2067260) -> #REF! | Y21: =+W21+X21 -> #REF! | Z21: =+Y21*(1+110250/2193210) -> #REF! | AA21: =((PretsNet!AB21)*(4/100)) -> #REF! | AB21: =+Z21+AA21 -> #REF! | AD21: =+Z21+AC21 -> #REF! | AE21: =+AD21*(1+0/2303460) -> #REF! | AG21: =+AE21+AF21 -> #REF! | AH21: =+AG21*(1+0/2303460) -> #REF! | AJ21: =+AH21+AI21 -> #REF! | AK21: =+AJ21*(1+0/2303460) -> #REF! | AL21: =#REF!+#REF!+#REF!+#REF!+#REF!+O21+R21+U21+X21+AC21+AF21 -> #REF! | AM21: =-AL21+AH21 -> #REF! | AN21: =Tableau47[[#This Row],[EP TOTALE]]+Tableau47[[#This Row],[INTERETS]] -> #REF!
A22: NKOLO NGAH Emmanuel | B22: =((prets!B22)*(4/100)) -> 0 | C22: =((PretsNet!D22)*(4/100)) -> 0 | D22: =+B22+C22 -> 0 | E22: =((prets!C22)*(4/100)) -> 0 | F22: =((PretsNet!G22)*(4/100)) -> #REF! | G22: =+H22+E22 -> 0 | H22: =((prets!D22)*(4/100)) -> 0 | I22: =((PretsNet!J22)*(4/100)) -> #REF! | J22: =+H22+#REF! -> #REF! | K22: =+J22*(1+77100/1425760) -> #REF! | L22: =((PretsNet!M22)*(4/100)) -> #REF! | M22: =+K22+#REF! -> #REF! | N22: =+M22*(1+85300/1554560) -> #REF! | P22: =+N22+O22 -> #REF! | Q22: =+P22*(1+108300/1711860) -> #REF! | S22: =+Q22+R22 -> #REF! | T22: =+S22*(1+113600/1822160) -> #REF! | V22: =+T22+U22 -> #REF! | W22: =+V22*(1+125950/2067260) -> #REF! | Y22: =+W22+X22 -> #REF! | Z22: =+Y22*(1+110250/2193210) -> #REF! | AA22: =((PretsNet!AB22)*(4/100)) -> #REF! | AB22: =+Z22+AA22 -> #REF! | AD22: =+Z22+AC22 -> #REF! | AE22: =+AD22*(1+0/2303460) -> #REF! | AG22: =+AE22+AF22 -> #REF! | AH22: =+AG22*(1+0/2303460) -> #REF! | AJ22: =+AH22+AI22 -> #REF! | AK22: =+AJ22*(1+0/2303460) -> #REF! | AL22: =#REF!+#REF!+#REF!+#REF!+#REF!+O22+R22+U22+X22+AC22+AF22 -> #REF! | AM22: =-AL22+AH22 -> #REF! | AN22: =Tableau47[[#This Row],[EP TOTALE]]+Tableau47[[#This Row],[INTERETS]] -> #REF!
A23: NOAH Patrick Michel Brice | B23: =((prets!B23)*(4/100)) -> 0 | C23: =((PretsNet!D23)*(4/100)) -> 0 | D23: =+B23+C23 -> 0 | E23: =((prets!C23)*(4/100)) -> 0 | F23: =((PretsNet!G23)*(4/100)) -> #REF! | G23: =+H23+E23 -> 0 | H23: =((prets!D23)*(4/100)) -> 0 | I23: =((PretsNet!J23)*(4/100)) -> #REF! | J23: =+H23+#REF! -> #REF! | K23: =+J23*(1+77100/1425760) -> #REF! | L23: =((PretsNet!M23)*(4/100)) -> #REF! | M23: =+K23+#REF! -> #REF! | N23: =+M23*(1+85300/1554560) -> #REF! | P23: =+N23+O23 -> #REF! | Q23: =+P23*(1+108300/1711860) -> #REF! | S23: =+Q23+R23 -> #REF! | T23: =+S23*(1+113600/1822160) -> #REF! | V23: =+T23+U23 -> #REF! | W23: =+V23*(1+125950/2067260) -> #REF! | Y23: =+W23+X23 -> #REF! | Z23: =+Y23*(1+110250/2193210) -> #REF! | AA23: =((PretsNet!AB23)*(4/100)) -> #REF! | AB23: =+Z23+AA23 -> #REF! | AD23: =+Z23+AC23 -> #REF! | AE23: =+AD23*(1+0/2303460) -> #REF! | AG23: =+AE23+AF23 -> #REF! | AH23: =+AG23*(1+0/2303460) -> #REF! | AJ23: =+AH23+AI23 -> #REF! | AK23: =+AJ23*(1+0/2303460) -> #REF! | AL23: =#REF!+#REF!+#REF!+#REF!+#REF!+O23+R23+U23+X23+AC23+AF23 -> #REF! | AM23: =-AL23+AH23 -> #REF! | AN23: =Tableau47[[#This Row],[EP TOTALE]]+Tableau47[[#This Row],[INTERETS]] -> #REF!
A24: NONBO Marc | B24: =((prets!B24)*(4/100)) -> 10000 | C24: =((PretsNet!D16)*(4/100)) -> 0 | D24: =+B24+C24 -> 10000 | E24: =((prets!C16)*(4/100)) -> 0 | F24: =((PretsNet!G24)*(4/100)) -> 0 | G24: =+H24+E24 -> 0 | H24: =((prets!D16)*(4/100)) -> 0 | I24: =((PretsNet!J16)*(4/100)) -> #REF! | J24: =+H24+#REF! -> #REF! | K24: =+J24*(1+77100/1425760) -> #REF! | L24: =((PretsNet!M16)*(4/100)) -> #REF! | M24: =+K24+#REF! -> #REF! | N24: =+M24*(1+85300/1554560) -> #REF! | P24: =+N24+O24 -> #REF! | Q24: =+P24*(1+108300/1711860) -> #REF! | S24: =+Q24+R24 -> #REF! | T24: =+S24*(1+113600/1822160) -> #REF! | V24: =+T24+U24 -> #REF! | W24: =+V24*(1+125950/2067260) -> #REF! | Y24: =+W24+X24 -> #REF! | Z24: =+Y24*(1+110250/2193210) -> #REF! | AA24: =((PretsNet!AB16)*(4/100)) -> #REF! | AB24: =+Z24+AA24 -> #REF! | AD24: =+Z24+AC24 -> #REF! | AE24: =+AD24*(1+0/2303460) -> #REF! | AG24: =+AE24+AF24 -> #REF! | AH24: =+AG24*(1+0/2303460) -> #REF! | AJ24: =+AH24+AI24 -> #REF! | AK24: =+AJ24*(1+0/2303460) -> #REF! | AL24: =#REF!+#REF!+#REF!+#REF!+#REF!+O24+R24+U24+X24+AC24+AF24 -> #REF! | AM24: =-AL24+AH24 -> #REF! | AN24: =Tableau47[[#This Row],[EP TOTALE]]+Tableau47[[#This Row],[INTERETS]] -> #REF!
A25: NSOA MBONDO Pierre | B25: =((prets!B25)*(4/100)) -> 0 | C25: =((PretsNet!D17)*(4/100)) -> 0 | D25: =+B25+C25 -> 0 | E25: =((prets!C17)*(4/100)) -> 0 | F25: =((PretsNet!G25)*(4/100)) -> #REF! | G25: =+H25+E25 -> 0 | H25: =((prets!D17)*(4/100)) -> 0 | I25: =((PretsNet!J17)*(4/100)) -> #REF! | J25: =+H25+#REF! -> #REF! | K25: =+J25*(1+77100/1425760) -> #REF! | L25: =((PretsNet!M17)*(4/100)) -> #REF! | M25: =+K25+#REF! -> #REF! | N25: =+M25*(1+85300/1554560) -> #REF! | P25: =+N25+O25 -> #REF! | Q25: =+P25*(1+108300/1711860) -> #REF! | S25: =+Q25+R25 -> #REF! | T25: =+S25*(1+113600/1822160) -> #REF! | V25: =+T25+U25 -> #REF! | W25: =+V25*(1+125950/2067260) -> #REF! | Y25: =+W25+X25 -> #REF! | Z25: =+Y25*(1+110250/2193210) -> #REF! | AA25: =((PretsNet!AB17)*(4/100)) -> #REF! | AB25: =+Z25+AA25 -> #REF! | AD25: =+Z25+AC25 -> #REF! | AE25: =+AD25*(1+0/2303460) -> #REF! | AG25: =+AE25+AF25 -> #REF! | AH25: =+AG25*(1+0/2303460) -> #REF! | AJ25: =+AH25+AI25 -> #REF! | AK25: =+AJ25*(1+0/2303460) -> #REF! | AL25: =#REF!+#REF!+#REF!+#REF!+#REF!+O25+R25+U25+X25+AC25+AF25 -> #REF! | AM25: =-AL25+AH25 -> #REF! | AN25: =Tableau47[[#This Row],[EP TOTALE]]+Tableau47[[#This Row],[INTERETS]] -> #REF!
A26: NSOE NKOULI Jean-Baptiste | B26: =((prets!B26)*(4/100)) -> 0 | C26: =((PretsNet!D18)*(4/100)) -> 0 | D26: =+B26+C26 -> 0 | E26: =((prets!C18)*(4/100)) -> 0 | F26: =((PretsNet!G26)*(4/100)) -> #REF! | G26: =+H26+E26 -> 8000 | H26: =((prets!D18)*(4/100)) -> 8000 | I26: =((PretsNet!J18)*(4/100)) -> #REF! | J26: =+H26+#REF! -> #REF! | K26: =+J26*(1+77100/1425760) -> #REF! | L26: =((PretsNet!M18)*(4/100)) -> #REF! | M26: =+K26+#REF! -> #REF! | N26: =+M26*(1+85300/1554560) -> #REF! | P26: =+N26+O26 -> #REF! | Q26: =+P26*(1+108300/1711860) -> #REF! | S26: =+Q26+R26 -> #REF! | T26: =+S26*(1+113600/1822160) -> #REF! | V26: =+T26+U26 -> #REF! | W26: =+V26*(1+125950/2067260) -> #REF! | Y26: =+W26+X26 -> #REF! | Z26: =+Y26*(1+110250/2193210) -> #REF! | AA26: =((PretsNet!AB18)*(4/100)) -> #REF! | AB26: =+Z26+AA26 -> #REF! | AD26: =+Z26+AC26 -> #REF! | AE26: =+AD26*(1+0/2303460) -> #REF! | AG26: =+AE26+AF26 -> #REF! | AH26: =+AG26*(1+0/2303460) -> #REF! | AJ26: =+AH26+AI26 -> #REF! | AK26: =+AJ26*(1+0/2303460) -> #REF! | AL26: =#REF!+#REF!+#REF!+#REF!+#REF!+O26+R26+U26+X26+AC26+AF26 -> #REF! | AM26: =-AL26+AH26 -> #REF! | AN26: =Tableau47[[#This Row],[EP TOTALE]]+Tableau47[[#This Row],[INTERETS]] -> #REF!
A27: NYECK PONDI Etienne | B27: =((prets!B27)*(4/100)) -> 0 | C27: =((PretsNet!D19)*(4/100)) -> 0 | D27: =+B27+C27 -> 0 | E27: =((prets!C19)*(4/100)) -> 4000 | F27: =((PretsNet!G27)*(4/100)) -> 0 | G27: =+H27+E27 -> 8000 | H27: =((prets!D19)*(4/100)) -> 4000 | I27: =((PretsNet!J19)*(4/100)) -> #REF! | J27: =+H27+#REF! -> #REF! | K27: =+J27*(1+77100/1425760) -> #REF! | L27: =((PretsNet!M19)*(4/100)) -> #REF! | M27: =+K27+#REF! -> #REF! | N27: =+M27*(1+85300/1554560) -> #REF! | P27: =+N27+O27 -> #REF! | Q27: =+P27*(1+108300/1711860) -> #REF! | S27: =+Q27+R27 -> #REF! | T27: =+S27*(1+113600/1822160) -> #REF! | V27: =+T27+U27 -> #REF! | W27: =+V27*(1+125950/2067260) -> #REF! | Y27: =+W27+X27 -> #REF! | Z27: =+Y27*(1+110250/2193210) -> #REF! | AA27: =((PretsNet!AB19)*(4/100)) -> #REF! | AB27: =+Z27+AA27 -> #REF! | AD27: =+Z27+AC27 -> #REF! | AE27: =+AD27*(1+0/2303460) -> #REF! | AG27: =+AE27+AF27 -> #REF! | AH27: =+AG27*(1+0/2303460) -> #REF! | AJ27: =+AH27+AI27 -> #REF! | AK27: =+AJ27*(1+0/2303460) -> #REF! | AL27: =#REF!+#REF!+#REF!+#REF!+#REF!+O27+R27+U27+X27+AC27+AF27 -> #REF! | AM27: =-AL27+AH27 -> #REF! | AN27: =Tableau47[[#This Row],[EP TOTALE]]+Tableau47[[#This Row],[INTERETS]] -> #REF!
A28: OMGBA FOUDA Simon Pierre | B28: =((prets!B28)*(4/100)) -> 8000 | C28: =((PretsNet!D20)*(4/100)) -> 0 | D28: =+B28+C28 -> 8000 | E28: =((prets!C20)*(4/100)) -> 0 | F28: =((PretsNet!G28)*(4/100)) -> 0 | G28: =+H28+E28 -> 0 | H28: =((prets!D20)*(4/100)) -> 0 | I28: =((PretsNet!J20)*(4/100)) -> #REF! | J28: =+H28+#REF! -> #REF! | K28: =+J28*(1+77100/1425760) -> #REF! | L28: =((PretsNet!M20)*(4/100)) -> #REF! | M28: =+K28+#REF! -> #REF! | N28: =+M28*(1+85300/1554560) -> #REF! | P28: =+N28+O28 -> #REF! | Q28: =+P28*(1+108300/1711860) -> #REF! | S28: =+Q28+R28 -> #REF! | T28: =+S28*(1+113600/1822160) -> #REF! | V28: =+T28+U28 -> #REF! | W28: =+V28*(1+125950/2067260) -> #REF! | Y28: =+W28+X28 -> #REF! | Z28: =+Y28*(1+110250/2193210) -> #REF! | AA28: =((PretsNet!AB20)*(4/100)) -> #REF! | AB28: =+Z28+AA28 -> #REF! | AD28: =+Z28+AC28 -> #REF! | AE28: =+AD28*(1+0/2303460) -> #REF! | AG28: =+AE28+AF28 -> #REF! | AH28: =+AG28*(1+0/2303460) -> #REF! | AJ28: =+AH28+AI28 -> #REF! | AK28: =+AJ28*(1+0/2303460) -> #REF! | AL28: =#REF!+#REF!+#REF!+#REF!+#REF!+O28+R28+U28+X28+AC28+AF28 -> #REF! | AM28: =-AL28+AH28 -> #REF! | AN28: =Tableau47[[#This Row],[EP TOTALE]]+Tableau47[[#This Row],[INTERETS]] -> #REF!
A29: OMGBA MIMBOE Gaetan | B29: =((prets!B29)*(4/100)) -> 0 | C29: =((PretsNet!D21)*(4/100)) -> 0 | D29: =+B29+C29 -> 0 | E29: =((prets!C21)*(4/100)) -> 0 | F29: =((PretsNet!G29)*(4/100)) -> 0 | G29: =+H29+E29 -> 36800 | H29: =((prets!D21)*(4/100)) -> 36800 | I29: =((PretsNet!J21)*(4/100)) -> #REF! | J29: =+H29+#REF! -> #REF! | K29: =+J29*(1+77100/1425760) -> #REF! | L29: =((PretsNet!M21)*(4/100)) -> #REF! | M29: =+K29+#REF! -> #REF! | N29: =+M29*(1+85300/1554560) -> #REF! | P29: =+N29+O29 -> #REF! | Q29: =+P29*(1+108300/1711860) -> #REF! | S29: =+Q29+R29 -> #REF! | T29: =+S29*(1+113600/1822160) -> #REF! | V29: =+T29+U29 -> #REF! | W29: =+V29*(1+125950/2067260) -> #REF! | Y29: =+W29+X29 -> #REF! | Z29: =+Y29*(1+110250/2193210) -> #REF! | AA29: =((PretsNet!AB21)*(4/100)) -> #REF! | AB29: =+Z29+AA29 -> #REF! | AD29: =+Z29+AC29 -> #REF! | AE29: =+AD29*(1+0/2303460) -> #REF! | AG29: =+AE29+AF29 -> #REF! | AH29: =+AG29*(1+0/2303460) -> #REF! | AJ29: =+AH29+AI29 -> #REF! | AK29: =+AJ29*(1+0/2303460) -> #REF! | AL29: =#REF!+#REF!+#REF!+#REF!+#REF!+O29+R29+U29+X29+AC29+AF29 -> #REF! | AM29: =-AL29+AH29 -> #REF! | AN29: =Tableau47[[#This Row],[EP TOTALE]]+Tableau47[[#This Row],[INTERETS]] -> #REF!
A30: ONANA NKADA Laurent S. | B30: =((prets!B30)*(4/100)) -> 0 | C30: =((PretsNet!D22)*(4/100)) -> 0 | D30: =+B30+C30 -> 0 | E30: =((prets!C22)*(4/100)) -> 0 | F30: =((PretsNet!G30)*(4/100)) -> 0 | G30: =+H30+E30 -> 0 | H30: =((prets!D22)*(4/100)) -> 0 | I30: =((PretsNet!J22)*(4/100)) -> #REF! | J30: =+H30+#REF! -> #REF! | K30: =+J30*(1+77100/1425760) -> #REF! | L30: =((PretsNet!M22)*(4/100)) -> #REF! | M30: =+K30+#REF! -> #REF! | N30: =+M30*(1+85300/1554560) -> #REF! | P30: =+N30+O30 -> #REF! | Q30: =+P30*(1+108300/1711860) -> #REF! | S30: =+Q30+R30 -> #REF! | T30: =+S30*(1+113600/1822160) -> #REF! | V30: =+T30+U30 -> #REF! | W30: =+V30*(1+125950/2067260) -> #REF! | Y30: =+W30+X30 -> #REF! | Z30: =+Y30*(1+110250/2193210) -> #REF! | AA30: =((PretsNet!AB22)*(4/100)) -> #REF! | AB30: =+Z30+AA30 -> #REF! | AD30: =+Z30+AC30 -> #REF! | AE30: =+AD30*(1+0/2303460) -> #REF! | AG30: =+AE30+AF30 -> #REF! | AH30: =+AG30*(1+0/2303460) -> #REF! | AJ30: =+AH30+AI30 -> #REF! | AK30: =+AJ30*(1+0/2303460) -> #REF! | AL30: =#REF!+#REF!+#REF!+#REF!+#REF!+O30+R30+U30+X30+AC30+AF30 -> #REF! | AM30: =-AL30+AH30 -> #REF! | AN30: =Tableau47[[#This Row],[EP TOTALE]]+Tableau47[[#This Row],[INTERETS]] -> #REF!
A31: ONDOA Jean | B31: =((prets!B31)*(4/100)) -> 0 | C31: =((PretsNet!D23)*(4/100)) -> 0 | D31: =+B31+C31 -> 0 | E31: =((prets!C23)*(4/100)) -> 0 | F31: =((PretsNet!G31)*(4/100)) -> 0 | G31: =+H31+E31 -> 0 | H31: =((prets!D23)*(4/100)) -> 0 | I31: =((PretsNet!J23)*(4/100)) -> #REF! | J31: =+H31+#REF! -> #REF! | K31: =+J31*(1+77100/1425760) -> #REF! | L31: =((PretsNet!M23)*(4/100)) -> #REF! | M31: =+K31+#REF! -> #REF! | N31: =+M31*(1+85300/1554560) -> #REF! | P31: =+N31+O31 -> #REF! | Q31: =+P31*(1+108300/1711860) -> #REF! | S31: =+Q31+R31 -> #REF! | T31: =+S31*(1+113600/1822160) -> #REF! | V31: =+T31+U31 -> #REF! | W31: =+V31*(1+125950/2067260) -> #REF! | Y31: =+W31+X31 -> #REF! | Z31: =+Y31*(1+110250/2193210) -> #REF! | AA31: =((PretsNet!AB23)*(4/100)) -> #REF! | AB31: =+Z31+AA31 -> #REF! | AD31: =+Z31+AC31 -> #REF! | AE31: =+AD31*(1+0/2303460) -> #REF! | AG31: =+AE31+AF31 -> #REF! | AH31: =+AG31*(1+0/2303460) -> #REF! | AJ31: =+AH31+AI31 -> #REF! | AK31: =+AJ31*(1+0/2303460) -> #REF! | AL31: =#REF!+#REF!+#REF!+#REF!+#REF!+O31+R31+U31+X31+AC31+AF31 -> #REF! | AM31: =-AL31+AH31 -> #REF! | AN31: =Tableau47[[#This Row],[EP TOTALE]]+Tableau47[[#This Row],[INTERETS]] -> #REF!
A32: TSANGA TSANGA Christol | B32: =((prets!B32)*(4/100)) -> 0 | C32: =((PretsNet!D15)*(4/100)) -> 0 | D32: =+B32+C32 -> 0 | E32: =((prets!C24)*(4/100)) -> 10000 | F32: =((PretsNet!G32)*(4/100)) -> 0 | G32: =+E32+F32 -> 10000 | H32: =((prets!#REF!)*(4/100)) -> #REF! | I32: =((PretsNet!J15)*(4/100)) -> #REF! | J32: =+H32+I32 -> #REF! | K32: =((prets!#REF!)*(4/100)) -> #REF! | L32: =((PretsNet!M15)*(4/100)) -> #REF! | M32: =+K32+L32 -> #REF! | N32: =((prets!#REF!)*(4/100)) -> #REF! | O32: =((PretsNet!P15)*(4/100)) -> #REF! | P32: =+N32+O32 -> #REF! | Q32: =((prets!#REF!)*(4/100)) -> #REF! | R32: =((PretsNet!S15)*(4/100)) -> #REF! | S32: =+Q32+R32 -> #REF! | T32: =((prets!#REF!)*(4/100)) -> #REF! | U32: =((PretsNet!V15)*(4/100)) -> #REF! | V32: =+T32+U32 -> #REF! | W32: =((prets!#REF!)*(4/100)) -> #REF! | X32: =((PretsNet!Y15)*(4/100)) -> #REF! | Y32: =+W32+X32 -> #REF! | Z32: =((prets!#REF!)*(4/100)) -> #REF! | AA32: =((PretsNet!AB15)*(4/100)) -> #REF! | AB32: =+Z32+AA32 -> #REF! | AC32: =((prets!#REF!)*(4/100)) -> #REF! | AD32: =((PretsNet!AE15)*(4/100)) -> #REF! | AE32: =+AC32+AD32 -> #REF! | AF32: =((prets!#REF!)*(4/100)) -> #REF! | AG32: =((PretsNet!AH15)*(4/100)) -> #REF! | AH32: =+AF32+AG32 -> #REF! | AI32: =((prets!#REF!)*(4/100)) -> #REF! | AJ32: =((PretsNet!AK15)*(4/100)) -> 0 | AK32: =+AI32+AJ32 -> #REF! | AL32: =#REF!+#REF!+#REF!+#REF!+#REF!+O32+R32+U32+X32+AC32+AF32 -> #REF! | AM32: =-AL32+AH32 -> #REF! | AN32: =Tableau47[[#This Row],[EP TOTALE]]+Tableau47[[#This Row],[INTERETS]] -> #REF!
A33: ZE ANDJE Eric | B33: =((prets!B33)*(4/100)) -> 4000 | C33: =((PretsNet!D16)*(4/100)) -> 0 | D33: =+B33+C33 -> 4000 | E33: =((prets!C25)*(4/100)) -> 0 | F33: =((PretsNet!G33)*(4/100)) -> 0 | G33: =+E33+F33 -> 0 | H33: =((prets!#REF!)*(4/100)) -> #REF! | I33: =((PretsNet!J16)*(4/100)) -> #REF! | J33: =+H33+I33 -> #REF! | K33: =((prets!#REF!)*(4/100)) -> #REF! | L33: =((PretsNet!M16)*(4/100)) -> #REF! | M33: =+K33+L33 -> #REF! | N33: =((prets!#REF!)*(4/100)) -> #REF! | O33: =((PretsNet!P16)*(4/100)) -> #REF! | P33: =+N33+O33 -> #REF! | Q33: =((prets!#REF!)*(4/100)) -> #REF! | R33: =((PretsNet!S16)*(4/100)) -> #REF! | S33: =+Q33+R33 -> #REF! | T33: =((prets!#REF!)*(4/100)) -> #REF! | U33: =((PretsNet!V16)*(4/100)) -> #REF! | V33: =+T33+U33 -> #REF! | W33: =((prets!#REF!)*(4/100)) -> #REF! | X33: =((PretsNet!Y16)*(4/100)) -> #REF! | Y33: =+W33+X33 -> #REF! | Z33: =((prets!#REF!)*(4/100)) -> #REF! | AA33: =((PretsNet!AB16)*(4/100)) -> #REF! | AB33: =+Z33+AA33 -> #REF! | AC33: =((prets!#REF!)*(4/100)) -> #REF! | AD33: =((PretsNet!AE16)*(4/100)) -> #REF! | AE33: =+AC33+AD33 -> #REF! | AF33: =((prets!#REF!)*(4/100)) -> #REF! | AG33: =((PretsNet!AH16)*(4/100)) -> #REF! | AH33: =+AF33+AG33 -> #REF! | AI33: =((prets!#REF!)*(4/100)) -> #REF! | AJ33: =((PretsNet!AK16)*(4/100)) -> #REF! | AK33: =+AI33+AJ33 -> #REF! | AL33: =#REF!+#REF!+#REF!+#REF!+#REF!+O33+R33+U33+X33+AC33+AF33 -> #REF! | AM33: =-AL33+AH33 -> #REF! | AN33: =Tableau47[[#This Row],[EP TOTALE]]+Tableau47[[#This Row],[INTERETS]] -> #REF!
A34: SECOURS / CAYA | B34: 0 | C34: =((PretsNet!D24)*(4/100)) -> 0 | D34: =+B34+C34 -> 0 | E34: 0 | F34: 0 | G34: 0 | H34: 0 | I34: 0 | J34: 0 | K34: 0 | L34: =((PretsNet!M24)*(4/100)) -> 164480 | M34: =+K34+L34 -> 164480 | N34: 0 | O34: 0 | P34: 0 | Q34: 0 | R34: 0 | S34: 0 | T34: 0 | U34: 0 | V34: 0 | W34: 0 | X34: 0 | Y34: 0 | Z34: 0 | AA34: =((PretsNet!AB24)*(4/100)) -> 829960 | AB34: =+Z34+AA34 -> 829960 | AC34: 0 | AD34: 0 | AE34: 0 | AF34: 0 | AG34: 0 | AH34: 0 | AI34: 0 | AJ34: 0 | AK34: 0 | AL34: =#REF!+#REF!+#REF!+#REF!+#REF!+O34+R34+U34+X34+AC34+AF34 -> #REF! | AM34: =-AL34+AH34 -> #REF! | AN34: =Tableau47[[#This Row],[EP TOTALE]]+Tableau47[[#This Row],[INTERETS]] -> #REF!
A35: BUREAU | B35: 0 | C35: =((PretsNet!D35)*(4/100)) -> 0 | D35: 0 | E35: =((prets!C35)*(4/100)) -> 0 | F35: =((PretsNet!G35)*(4/100)) -> 0 | G35: =+H35+E35 -> 0 | H35: =((prets!D35)*(4/100)) -> 0 | I35: =((PretsNet!J35)*(4/100)) -> 0 | J35: =+H35+#REF! -> #REF! | K35: =+J35*(1+77100/1425760) -> #REF! | L35: =((PretsNet!M35)*(4/100)) -> 0 | M35: =+K35+#REF! -> #REF! | N35: =+M35*(1+85300/1554560) -> #REF! | P35: =+N35+O35 -> #REF! | Q35: =+P35*(1+108300/1711860) -> #REF! | S35: =+Q35+R35 -> #REF! | T35: =+S35*(1+113600/1822160) -> #REF! | V35: =+T35+U35 -> #REF! | W35: =+V35*(1+125950/2067260) -> #REF! | Y35: =+W35+X35 -> #REF! | Z35: =+Y35*(1+110250/2193210) -> #REF! | AA35: =((PretsNet!AB35)*(4/100)) -> 0 | AB35: =+Z35+AA35 -> #REF! | AD35: =+Z35+AC35 -> #REF! | AE35: =+AD35*(1+0/2303460) -> #REF! | AG35: =+AE35+AF35 -> #REF! | AH35: =+AG35*(1+0/2303460) -> #REF! | AJ35: =+AH35+AI35 -> #REF! | AK35: =+AJ35*(1+0/2303460) -> #REF! | AL35: =#REF!+#REF!+#REF!+#REF!+#REF!+O35+R35+U35+X35+AC35+AF35 -> #REF! | AM35: =-AL35+AH35 -> #REF! | AN35: =Tableau47[[#This Row],[EP TOTALE]]+Tableau47[[#This Row],[INTERETS]] -> #REF!
A36: AUTRES / FETE | B36: 0 | C36: =((PretsNet!D25)*(4/100)) -> 0 | D36: =+B36+C36 -> 0 | E36: 0 | F36: 0 | G36: 0 | H36: 0 | I36: 0 | J36: 0 | K36: 0 | L36: =((PretsNet!M25)*(4/100)) -> #REF! | M36: 0 | N36: 0 | O36: 0 | P36: =+Q36+N36 -> 0 | Q36: 0 | R36: 0 | S36: 0 | T36: =+U36+R36 -> 0 | U36: 0 | V36: 0 | W36: 0 | X36: =+Y36+V36 -> 0 | Y36: 0 | Z36: 0 | AA36: =((PretsNet!AB25)*(4/100)) -> #REF! | AB36: =+Z36+AA36 -> #REF! | AC36: 0 | AD36: =+AE36+Z36 -> 0 | AE36: 0 | AF36: 0 | AG36: 0 | AH36: =+AI36+AF36 -> 0 | AI36: 0 | AJ36: 0 | AK36: 0 | AL36: =#REF!+#REF!+#REF!+#REF!+#REF!+O36+R36+U36+X36+AC36+AF36 -> #REF! | AM36: =-AL36+AH36 -> #REF! | AN36: =Tableau47[[#This Row],[EP TOTALE]]+Tableau47[[#This Row],[INTERETS]] -> #REF!
A37: total | B37: =SUM(B2:B36) -> 38000 | C37: =SUM(C2:C36) -> #REF! | D37: =SUM(D2:D36) -> #REF! | E37: =SUM(E2:E36) -> 41520 | F37: =SUM(F2:F36) -> #REF! | G37: =SUM(G2:G36) -> #REF! | H37: =SUM(H2:H36) -> #REF! | I37: =SUM(I2:I36) -> #REF! | ... K37: =SUM(K2:K36) -> #REF! | L37: =((PretsNet!M26)*(4/100)) -> #REF! | M37: =SUM(M2:M36) -> #REF! | N37: =SUM(N2:N36) -> #REF! | O37: =SUM(O2:O36) -> #REF! | P37: =SUM(P2:P36) -> #REF! | Q37: =SUM(Q2:Q36) -> #REF! | R37: =SUM(R2:R36) -> #REF! | S37: =SUM(S2:S36) -> #REF! | T37: =SUM(T2:T36) -> #REF! | ... AK37: =SUM(AK2:AK36) -> #REF! | AL37: =+SUM(AL2:AL36) -> #REF! | AM37: =-AL37+AH37 -> #REF! | AN37: =Tableau47[[#This Row],[EP TOTALE]]+Tableau47[[#This Row],[INTERETS]] -> #REF!

Sheet PretsNet
A1: NOMS ET PRENOMS | B1: REM AOUT | C1: PRET AOUT | D1: REPPRE-AOUT | E1: REM SEPT | F1: PRET SEPT | G1: REPPRE-SEPT | H1: REM OCT | I1: PRET OCT | J1: REPPRE-OCT | K1: REM NOV | L1: PRET NOV | M1: REPPRE-NOV | N1: REM DEC | O1: PRET DEC | P1: REPPRE-DEC | Q1: REM JANV | R1: PRET JAN | S1: REPPRE-JAN | T1: REM FEV | U1: PRET FEV | V1: REPPRE-FEV | W1: REM MARS | X1: PRET MARS | Y1: REPPRE-MARS | Z1: REM AVR | AA1: PRET AVR | AB1: REPPRE-AVR | AC1: REM MAI | AD1: PRET MAI | AE1: REPPRE-MAI | AF1: REM JUIN | AG1: PRET JUIN | AH1: REPPRE-JUIN | AI1: REM JUIL | AJ1: PRET JUIL | AK1: REPPRE-JUIL | AL1: EP TOTALE | AM1: INTERETS | AN1: N A P
A2: ABENG ZE J C | B2: =#REF! -> #REF! | C2: =prets!B23 -> 0 | D2: 0 | E2: =#REF! -> #REF! | F2: =prets!C23 -> 0 | G2: =(C2+D2)-E2 -> #REF! | H2: =#REF! -> #REF! | I2: =prets!D23 -> 0 | J2: =(F2+G2)-H2 -> #REF! | K2: =#REF! -> #REF! | L2: =prets!E23 -> 0 | M2: =(I2+J2)-K2 -> #REF! | N2: =#REF! -> #REF! | O2: =prets!F23 -> 0 | P2: =(L2+M2)-N2 -> #REF! | Q2: =#REF! -> #REF! | R2: =prets!G23 -> 0 | S2: =(O2+P2)-Q2 -> #REF! | T2: =#REF! -> #REF! | U2: =prets!H23 -> 0 | V2: =(R2+S2)-T2 -> #REF! | W2: =#REF! -> #REF! | X2: =prets!I23 -> 0 | Y2: =(U2+V2)-W2 -> #REF! | Z2: =#REF! -> #REF! | AA2: =prets!J23 -> 0 | AB2: =(X2+Y2)-Z2 -> #REF! | AC2: =#REF! -> #REF! | AD2: =prets!K23 -> 0 | AE2: =(AA2+AB2)-AC2 -> #REF! | AF2: =#REF! -> #REF! | AG2: =prets!L23 -> 0 | AH2: =(AD2+AE2)-AF2 -> #REF! | AI2: =#REF! -> #REF! | AJ2: =prets!M23 -> 0 | AK2: =(Tableau478[[#This Row],[PRET JUIN]]+Tableau478[[#This Row],[REPPRE-JUIN]])-Tableau478[[#This Row],[REM JUIL]] -> #REF! | AL2: =B2+E2+H2+K2+N2+Q2+T2+W2+Z2+AC2+AF2 -> #REF! | AM2: =-AL2+AH2 -> #REF! | AN2: =Tableau478[[#This Row],[EP TOTALE]]+Tableau478[[#This Row],[INTERETS]] -> #REF!
A3: BANGA NNA ISRAEL | B3: =#REF! -> #REF! | C3: =prets!B31 -> 0 | D3: 0 | E3: =#REF! -> #REF! | F3: =prets!C31 -> 0 | G3: =(C3+D3)-E3 -> #REF! | H3: =#REF! -> #REF! | I3: =prets!D31 -> 0 | J3: =(F3+G3)-H3 -> #REF! | K3: =#REF! -> #REF! | L3: =prets!E31 -> 0 | M3: =(I3+J3)-K3 -> #REF! | N3: =#REF! -> #REF! | O3: =prets!F31 -> 0 | P3: =(L3+M3)-N3 -> #REF! | Q3: =#REF! -> #REF! | R3: =prets!G31 -> 0 | S3: =(O3+P3)-Q3 -> #REF! | T3: =#REF! -> #REF! | U3: =prets!H31 -> 0 | V3: =(R3+S3)-T3 -> #REF! | W3: =#REF! -> #REF! | X3: =prets!I31 -> 0 | Y3: =(U3+V3)-W3 -> #REF! | Z3: =#REF! -> #REF! | AA3: =prets!J31 -> 0 | AB3: =(X3+Y3)-Z3 -> #REF! | AC3: =#REF! -> #REF! | AD3: =prets!K31 -> 0 | AE3: =(AA3+AB3)-AC3 -> #REF! | AF3: =#REF! -> #REF! | AG3: =prets!L31 -> 0 | AH3: =(AD3+AE3)-AF3 -> #REF! | AI3: =#REF! -> #REF! | AJ3: =prets!M31 -> 0 | AK3: 0 | AL3: =B3+E3+H3+K3+N3+Q3+T3+W3+Z3+AC3+AF3 -> #REF! | AM3: =-AL3+AH3 -> #REF! | AN3: =Tableau478[[#This Row],[EP TOTALE]]+Tableau478[[#This Row],[INTERETS]] -> #REF!
A4: BUREAU | B4: 0 | C4: 0 | D4: 0 | E4: 0 | F4: =+G4+C4 -> 0 | G4: =(C4+D4)-E4 -> 0 | H4: 0 | I4: =prets!D35 -> 0 | J4: =(F4+G4)-H4 -> 0 | K4: 0 | L4: =prets!E35 -> 0 | M4: =(I4+J4)-K4 -> 0 | N4: =+O4+L4 -> 0 | O4: =prets!F35 -> 0 | P4: =(L4+M4)-N4 -> 0 | Q4: 0 | R4: =prets!G35 -> 0 | S4: =(O4+P4)-Q4 -> 0 | T4: 0 | U4: 0 | V4: =(R4+S4)-T4 -> 0 | W4: 0 | X4: 0 | Y4: =(U4+V4)-W4 -> 0 | Z4: =+AA4+X4 -> 0 | AA4: 0 | AB4: =(X4+Y4)-Z4 -> 0 | AC4: 0 | AD4: =+AE4+AB4 -> 0 | AE4: =(AA4+AB4)-AC4 -> 0 | AF4: 0 | AG4: 0 | AH4: =(AD4+AE4)-AF4 -> 0 | AI4: 0 | AJ4: =prets!M35 -> 0 | AK4: 0 | AL4: =E4+#REF!+H4+K4+N4+Q4+T4+W4+Z4+AC4+AF4 -> #REF! | AM4: =-AL4+AH4 -> #REF! | AN4: =Tableau478[[#This Row],[EP TOTALE]]+Tableau478[[#This Row],[INTERETS]] -> #REF!
A5: EBOGO BIKOULA G | B5: =#REF! -> #REF! | C5: =prets!B27 -> 0 | D5: 0 | E5: =#REF! -> #REF! | F5: =prets!C27 -> 0 | G5: =(C5+D5)-E5 -> #REF! | H5: =#REF! -> #REF! | I5: =prets!D27 -> 200000 | J5: =(F5+G5)-H5 -> #REF! | K5: =#REF! -> #REF! | L5: =prets!E27 -> 200000 | M5: =(I5+J5)-K5 -> #REF! | N5: =#REF! -> #REF! | O5: =prets!F27 -> 200000 | P5: =(L5+M5)-N5 -> #REF! | Q5: =#REF! -> #REF! | R5: =prets!G27 -> 200000 | S5: =(O5+P5)-Q5 -> #REF! | T5: =#REF! -> #REF! | U5: =prets!H27 -> 200000 | V5: =(R5+S5)-T5 -> #REF! | W5: =#REF! -> #REF! | X5: =prets!I27 -> 200000 | Y5: =(U5+V5)-W5 -> #REF! | Z5: =#REF! -> #REF! | AA5: =prets!J27 -> 200000 | AB5: =(X5+Y5)-Z5 -> #REF! | AC5: =#REF! -> #REF! | AD5: =prets!K27 -> 550000 | AE5: =(AA5+AB5)-AC5 -> #REF! | AF5: =#REF! -> #REF! | AG5: =prets!L27 -> 853000 | AH5: =(AD5+AE5)-AF5 -> #REF! | AI5: =#REF! -> #REF! | AJ5: =prets!M27 -> 0 | AK5: =(Tableau478[[#This Row],[PRET JUIN]]+Tableau478[[#This Row],[REPPRE-JUIN]])-Tableau478[[#This Row],[REM JUIL]] -> #REF! | AL5: =B5+E5+H5+K5+N5+Q5+T5+W5+Z5+AC5+AF5 -> #REF! | AM5: =-AL5+AH5 -> #REF! | AN5: =Tableau478[[#This Row],[EP TOTALE]]+Tableau478[[#This Row],[INTERETS]] -> #REF!
A6: ESSALA ETIENNE | B6: =#REF! -> #REF! | C6: =prets!B30 -> 0 | D6: 0 | E6: =#REF! -> #REF! | F6: =prets!C30 -> 0 | G6: =(C6+D6)-E6 -> #REF! | H6: =#REF! -> #REF! | I6: =prets!D30 -> 0 | J6: =(F6+G6)-H6 -> #REF! | K6: =#REF! -> #REF! | L6: =prets!E30 -> 0 | M6: =(I6+J6)-K6 -> #REF! | N6: =#REF! -> #REF! | O6: =prets!F30 -> 50000 | P6: =(L6+M6)-N6 -> #REF! | Q6: =#REF! -> #REF! | R6: =prets!G30 -> 50000 | S6: =(O6+P6)-Q6 -> #REF! | T6: =#REF! -> #REF! | U6: =prets!H30 -> 50000 | V6: =(R6+S6)-T6 -> #REF! | W6: =#REF! -> #REF! | X6: =prets!I30 -> 50000 | Y6: =(U6+V6)-W6 -> #REF! | Z6: =#REF! -> #REF! | AA6: =prets!J30 -> 150000 | AB6: =(X6+Y6)-Z6 -> #REF! | AC6: =#REF! -> #REF! | AD6: =prets!K30 -> 150000 | AE6: =(AA6+AB6)-AC6 -> #REF! | AF6: =#REF! -> #REF! | AG6: =prets!L30 -> 150000 | AH6: =(AD6+AE6)-AF6 -> #REF! | AI6: =#REF! -> #REF! | AJ6: =prets!M30 -> 0 | AK6: 0 | AL6: =B6+E6+H6+K6+N6+Q6+T6+W6+Z6+AC6+AF6 -> #REF! | AM6: =-AL6+AH6 -> #REF! | AN6: =Tableau478[[#This Row],[EP TOTALE]]+Tableau478[[#This Row],[INTERETS]] -> #REF!
A7: ETOA YVES | B7: =#REF! -> #REF! | C7: =prets!B29 -> 0 | D7: 0 | E7: =#REF! -> #REF! | F7: =prets!C29 -> 0 | G7: =(C7+D7)-E7 -> #REF! | H7: =#REF! -> #REF! | I7: =prets!D29 -> 0 | J7: =(F7+G7)-H7 -> #REF! | K7: =#REF! -> #REF! | L7: =prets!E29 -> 0 | M7: =(I7+J7)-K7 -> #REF! | N7: =#REF! -> #REF! | O7: =prets!F29 -> 0 | P7: =(L7+M7)-N7 -> #REF! | Q7: =#REF! -> #REF! | R7: =prets!G29 -> 0 | S7: =(O7+P7)-Q7 -> #REF! | T7: =#REF! -> #REF! | U7: =prets!H29 -> 0 | V7: =(R7+S7)-T7 -> #REF! | W7: =#REF! -> #REF! | X7: =prets!I29 -> 0 | Y7: =(U7+V7)-W7 -> #REF! | Z7: =#REF! -> #REF! | AA7: =prets!J29 -> 0 | AB7: =(X7+Y7)-Z7 -> #REF! | AC7: =#REF! -> #REF! | AD7: =prets!K29 -> 0 | AE7: =(AA7+AB7)-AC7 -> #REF! | AF7: =#REF! -> #REF! | AG7: =prets!L29 -> 0 | AH7: =(AD7+AE7)-AF7 -> #REF! | AI7: =#REF! -> #REF! | AJ7: =prets!M29 -> 0 | AK7: =(Tableau478[[#This Row],[PRET JUIN]]+Tableau478[[#This Row],[REPPRE-JUIN]])-Tableau478[[#This Row],[REM JUIL]] -> #REF! | AL7: =B7+E7+H7+K7+N7+Q7+T7+W7+Z7+AC7+AF7 -> #REF! | AM7: =-AL7+AH7 -> #REF! | AN7: =Tableau478[[#This Row],[EP TOTALE]]+Tableau478[[#This Row],[INTERETS]] -> #REF!
A8: EWALA JACQUES Ph | B8: =#REF! -> #REF! | C8: =prets!B33 -> 100000 | D8: 0 | E8: =#REF! -> #REF! | F8: =prets!C33 -> 100000 | G8: =(C8+D8)-E8 -> #REF! | H8: =#REF! -> #REF! | I8: =prets!D33 -> 100000 | J8: =(F8+G8)-H8 -> #REF! | K8: =#REF! -> #REF! | L8: =prets!E33 -> 100000 | M8: =(I8+J8)-K8 -> #REF! | N8: =#REF! -> #REF! | O8: =prets!F33 -> 500000 | P8: =(L8+M8)-N8 -> #REF! | Q8: =#REF! -> #REF! | R8: =prets!G33 -> 500000 | S8: =(O8+P8)-Q8 -> #REF! | T8: =#REF! -> #REF! | U8: =prets!H33 -> 800000 | V8: =(R8+S8)-T8 -> #REF! | W8: =#REF! -> #REF! | X8: =prets!I33 -> 700000 | Y8: =(U8+V8)-W8 -> #REF! | Z8: =#REF! -> #REF! | AA8: =prets!J33 -> 1100000 | AB8: =(X8+Y8)-Z8 -> #REF! | AC8: =#REF! -> #REF! | AD8: =prets!K33 -> 1100000 | AE8: =(AA8+AB8)-AC8 -> #REF! | AF8: =#REF! -> #REF! | AG8: =prets!L33 -> 1100000 | AH8: =(AD8+AE8)-AF8 -> #REF! | AI8: =#REF! -> #REF! | AJ8: =prets!M33 -> 0 | AK8: 0 | AL8: =B8+E8+H8+K8+N8+Q8+T8+W8+Z8+AC8+AF8 -> #REF! | AM8: =-AL8+AH8 -> #REF! | AN8: =Tableau478[[#This Row],[EP TOTALE]]+Tableau478[[#This Row],[INTERETS]] -> #REF!
A9: ITOP SAMUEL | B9: =#REF! -> #REF! | C9: =prets!B2 -> 0 | D9: =(AJ9+AK9)-B9 -> #REF! | E9: =#REF! -> #REF! | F9: =prets!C2 -> 0 | G9: =(C9+D9)-E9 -> #REF! | H9: =#REF! -> #REF! | I9: =prets!D2 -> 0 | J9: =(F9+G9)-H9 -> #REF! | K9: =#REF! -> #REF! | L9: =prets!E2 -> 400000 | M9: =(I9+J9)-K9 -> #REF! | N9: =#REF! -> #REF! | O9: =prets!F2 -> 400000 | P9: =(L9+M9)-N9 -> #REF! | Q9: =#REF! -> #REF! | R9: =prets!G2 -> 400000 | S9: =(O9+P9)-Q9 -> #REF! | T9: =#REF! -> #REF! | U9: =prets!H2 -> 400000 | V9: =(R9+S9)-T9 -> #REF! | W9: =#REF! -> #REF! | X9: =prets!I2 -> 400000 | Y9: =(U9+V9)-W9 -> #REF! | Z9: =#REF! -> #REF! | AA9: =prets!J2 -> 400000 | AB9: =(X9+Y9)-Z9 -> #REF! | AC9: =#REF! -> #REF! | AD9: =prets!K2 -> 400000 | AE9: =(AA9+AB9)-AC9 -> #REF! | AF9: =#REF! -> #REF! | AG9: =prets!L2 -> 300000 | AH9: =(AD9+AE9)-AF9 -> #REF! | AI9: =#REF! -> #REF! | AJ9: =prets!M2 -> 0 | AL9: =B9+E9+H9+K9+N9+Q9+T9+W9+Z9+AC9+AF9 -> #REF! | AM9: =-AL9+AH9 -> #REF! | AN9: =Tableau478[[#This Row],[EP TOTALE]]+Tableau478[[#This Row],[INTERETS]] -> #REF!
A10: MAMA Paul | B10: =#REF! -> #REF! | C10: =prets!#REF! -> #REF! | D10: 0 | E10: =#REF! -> #REF! | F10: =prets!#REF! -> #REF! | G10: =(C10+D10)-E10 -> #REF! | H10: =#REF! -> #REF! | I10: =prets!#REF! -> #REF! | J10: =(F10+G10)-H10 -> #REF! | K10: =#REF! -> #REF! | L10: =prets!#REF! -> #REF! | M10: =(I10+J10)-K10 -> #REF! | N10: =#REF! -> #REF! | O10: =prets!#REF! -> #REF! | P10: =(L10+M10)-N10 -> #REF! | Q10: =#REF! -> #REF! | R10: =prets!#REF! -> #REF! | S10: =(O10+P10)-Q10 -> #REF! | T10: =#REF! -> #REF! | U10: =prets!#REF! -> #REF! | V10: =(R10+S10)-T10 -> #REF! | W10: =#REF! -> #REF! | X10: =prets!#REF! -> #REF! | Y10: =(U10+V10)-W10 -> #REF! | Z10: =#REF! -> #REF! | AA10: =prets!#REF! -> #REF! | AB10: =(X10+Y10)-Z10 -> #REF! | AC10: =#REF! -> #REF! | AD10: =prets!#REF! -> #REF! | AE10: =(AA10+AB10)-AC10 -> #REF! | AF10: =#REF! -> #REF! | AG10: =prets!#REF! -> #REF! | AH10: =(AD10+AE10)-AF10 -> #REF! | AI10: =#REF! -> #REF! | AJ10: =prets!#REF! -> #REF! | AK10: =(Tableau478[[#This Row],[PRET JUIN]]+Tableau478[[#This Row],[REPPRE-JUIN]])-Tableau478[[#This Row],[REM JUIL]] -> #REF! | AL10: =B10+E10+H10+K10+N10+Q10+T10+W10+Z10+AC10+AF10 -> #REF! | AM10: =-AL10+AH10 -> #REF! | AN10: =Tableau478[[#This Row],[EP TOTALE]]+Tableau478[[#This Row],[INTERETS]] -> #REF!
A11: MBA ENYOUGOU B D | B11: =#REF! -> #REF! | C11: =prets!#REF! -> #REF! | D11: 0 | E11: =#REF! -> #REF! | F11: =prets!#REF! -> #REF! | G11: =(C11+D11)-E11 -> #REF! | H11: =#REF! -> #REF! | I11: =prets!#REF! -> #REF! | J11: =(F11+G11)-H11 -> #REF! | K11: =#REF! -> #REF! | L11: =prets!#REF! -> #REF! | M11: =(I11+J11)-K11 -> #REF! | N11: =#REF! -> #REF! | O11: =prets!#REF! -> #REF! | P11: =(L11+M11)-N11 -> #REF! | Q11: =#REF! -> #REF! | R11: =prets!#REF! -> #REF! | S11: =(O11+P11)-Q11 -> #REF! | T11: =#REF! -> #REF! | U11: =prets!#REF! -> #REF! | V11: =(R11+S11)-T11 -> #REF! | W11: =#REF! -> #REF! | X11: =prets!#REF! -> #REF! | Y11: =(U11+V11)-W11 -> #REF! | Z11: =#REF! -> #REF! | AA11: =prets!#REF! -> #REF! | AB11: =(X11+Y11)-Z11 -> #REF! | AC11: =#REF! -> #REF! | AD11: =prets!#REF! -> #REF! | AE11: =(AA11+AB11)-AC11 -> #REF! | AF11: =#REF! -> #REF! | AG11: =prets!#REF! -> #REF! | AH11: =(AD11+AE11)-AF11 -> #REF! | AI11: =#REF! -> #REF! | AJ11: =prets!#REF! -> #REF! | AK11: 0 | AL11: =B11+E11+H11+K11+N11+Q11+T11+W11+Z11+AC11+AF11 -> #REF! | AM11: =-AL11+AH11 -> #REF! | AN11: =Tableau478[[#This Row],[EP TOTALE]]+Tableau478[[#This Row],[INTERETS]] -> #REF!
A12: MBAMBA NSOA J P | B12: =#REF! -> #REF! | C12: =prets!B3 -> 0 | D12: 0 | E12: =#REF! -> #REF! | F12: =prets!C3 -> 0 | G12: =(C12+D12)-E12 -> #REF! | H12: =#REF! -> #REF! | I12: =prets!D3 -> 0 | J12: =(F12+G12)-H12 -> #REF! | K12: =#REF! -> #REF! | L12: =prets!E3 -> 0 | M12: =(I12+J12)-K12 -> #REF! | N12: =#REF! -> #REF! | O12: =prets!F3 -> 0 | P12: =(L12+M12)-N12 -> #REF! | Q12: =#REF! -> #REF! | R12: =prets!G3 -> 0 | S12: =(O12+P12)-Q12 -> #REF! | T12: =#REF! -> #REF! | U12: =prets!H3 -> 300000 | V12: =(R12+S12)-T12 -> #REF! | W12: =#REF! -> #REF! | X12: =prets!I3 -> 300000 | Y12: =(U12+V12)-W12 -> #REF! | Z12: =#REF! -> #REF! | AA12: =prets!J3 -> 300000 | AB12: =(X12+Y12)-Z12 -> #REF! | AC12: =#REF! -> #REF! | AD12: =prets!K3 -> 300000 | AE12: =(AA12+AB12)-AC12 -> #REF! | AF12: =#REF! -> #REF! | AG12: =prets!L3 -> 300000 | AH12: =(AD12+AE12)-AF12 -> #REF! | AI12: =#REF! -> #REF! | AJ12: =prets!M3 -> 0 | AK12: =(Tableau478[[#This Row],[PRET JUIN]]+Tableau478[[#This Row],[REPPRE-JUIN]])-Tableau478[[#This Row],[REM JUIL]] -> #REF! | AL12: =B12+E12+H12+K12+N12+Q12+T12+W12+Z12+AC12+AF12 -> #REF! | AM12: =-AL12+AH12 -> #REF! | AN12: =Tableau478[[#This Row],[EP TOTALE]]+Tableau478[[#This Row],[INTERETS]] -> #REF!
A13: MBARGA GASTON | B13: =#REF! -> #REF! | C13: =prets!B28 -> 200000 | D13: 0 | E13: =#REF! -> #REF! | F13: =prets!C28 -> 200000 | G13: =(C13+D13)-E13 -> #REF! | H13: =#REF! -> #REF! | I13: =prets!D28 -> 500000 | J13: =(F13+G13)-H13 -> #REF! | K13: =#REF! -> #REF! | L13: =prets!E28 -> 500000 | M13: =(I13+J13)-K13 -> #REF! | N13: =#REF! -> #REF! | O13: =prets!F28 -> 600000 | P13: =(L13+M13)-N13 -> #REF! | Q13: =#REF! -> #REF! | R13: =prets!G28 -> 600000 | S13: =(O13+P13)-Q13 -> #REF! | T13: =#REF! -> #REF! | U13: =prets!H28 -> 600000 | V13: =(R13+S13)-T13 -> #REF! | W13: =#REF! -> #REF! | X13: =prets!I28 -> 600000 | Y13: =(U13+V13)-W13 -> #REF! | Z13: =#REF! -> #REF! | AA13: =prets!J28 -> 0 | AB13: =(X13+Y13)-Z13 -> #REF! | AC13: =#REF! -> #REF! | AD13: =prets!K28 -> 0 | AE13: =(AA13+AB13)-AC13 -> #REF! | AF13: =#REF! -> #REF! | AG13: =prets!L28 -> 0 | AH13: =(AD13+AE13)-AF13 -> #REF! | AI13: =#REF! -> #REF! | AJ13: =prets!M28 -> 0 | AK13: =(Tableau478[[#This Row],[PRET JUIN]]+Tableau478[[#This Row],[REPPRE-JUIN]])-Tableau478[[#This Row],[REM JUIL]] -> #REF! | AL13: =B13+E13+H13+K13+N13+Q13+T13+W13+Z13+AC13+AF13 -> #REF! | AM13: =-AL13+AH13 -> #REF! | AN13: =Tableau478[[#This Row],[EP TOTALE]]+Tableau478[[#This Row],[INTERETS]] -> #REF!
A14: NDJOCK THADDEE R | B14: =#REF! -> #REF! | C14: =prets!B25 -> 0 | D14: 0 | E14: =#REF! -> #REF! | F14: =prets!C25 -> 0 | G14: =(C14+D14)-E14 -> #REF! | H14: =#REF! -> #REF! | I14: =prets!D25 -> 0 | J14: =(F14+G14)-H14 -> #REF! | K14: =#REF! -> #REF! | L14: =prets!E25 -> 0 | M14: =(I14+J14)-K14 -> #REF! | N14: =#REF! -> #REF! | O14: =prets!F25 -> 0 | P14: =(L14+M14)-N14 -> #REF! | Q14: =#REF! -> #REF! | R14: =prets!G25 -> 50000 | S14: =(O14+P14)-Q14 -> #REF! | T14: =#REF! -> #REF! | U14: =prets!H25 -> 50000 | V14: =(R14+S14)-T14 -> #REF! | W14: =#REF! -> #REF! | X14: =prets!I25 -> 50000 | Y14: =(U14+V14)-W14 -> #REF! | Z14: =#REF! -> #REF! | AA14: =prets!J25 -> 50000 | AB14: =(X14+Y14)-Z14 -> #REF! | AC14: =#REF! -> #REF! | AD14: =prets!K25 -> 50000 | AE14: =(AA14+AB14)-AC14 -> #REF! | AF14: =#REF! -> #REF! | AG14: =prets!L25 -> 50000 | AH14: =(AD14+AE14)-AF14 -> #REF! | AI14: =#REF! -> #REF! | AJ14: =prets!M25 -> 0 | AK14: =(Tableau478[[#This Row],[PRET JUIN]]+Tableau478[[#This Row],[REPPRE-JUIN]])-Tableau478[[#This Row],[REM JUIL]] -> #REF! | AL14: =B14+E14+H14+K14+N14+Q14+T14+W14+Z14+AC14+AF14 -> #REF! | AM14: =-AL14+AH14 -> #REF! | AN14: =Tableau478[[#This Row],[EP TOTALE]]+Tableau478[[#This Row],[INTERETS]] -> #REF!
A15: NKOLOO NGAH E | B15: =#REF! -> #REF! | C15: =prets!#REF! -> #REF! | D15: 0 | E15: =#REF! -> #REF! | F15: =prets!#REF! -> #REF! | G15: =(C15+D15)-E15 -> #REF! | H15: =#REF! -> #REF! | I15: =prets!#REF! -> #REF! | J15: =(F15+G15)-H15 -> #REF! | K15: =#REF! -> #REF! | L15: =prets!#REF! -> #REF! | M15: =(I15+J15)-K15 -> #REF! | N15: =#REF! -> #REF! | O15: =prets!#REF! -> #REF! | P15: =(L15+M15)-N15 -> #REF! | Q15: =#REF! -> #REF! | R15: =prets!#REF! -> #REF! | S15: =(O15+P15)-Q15 -> #REF! | T15: =#REF! -> #REF! | U15: =prets!#REF! -> #REF! | V15: =(R15+S15)-T15 -> #REF! | W15: =#REF! -> #REF! | X15: =prets!#REF! -> #REF! | Y15: =(U15+V15)-W15 -> #REF! | Z15: =#REF! -> #REF! | AA15: =prets!#REF! -> #REF! | AB15: =(X15+Y15)-Z15 -> #REF! | AC15: =#REF! -> #REF! | AD15: =prets!#REF! -> #REF! | AE15: =(AA15+AB15)-AC15 -> #REF! | AF15: =#REF! -> #REF! | AG15: =prets!#REF! -> #REF! | AH15: =(AD15+AE15)-AF15 -> #REF! | AI15: =#REF! -> #REF! | AJ15: =prets!#REF! -> #REF! | AK15: 0 | AL15: =B15+E15+H15+K15+N15+Q15+T15+W15+Z15+AC15+AF15 -> #REF! | AM15: =-AL15+AH15 -> #REF! | AN15: =Tableau478[[#This Row],[EP TOTALE]]+Tableau478[[#This Row],[INTERETS]] -> #REF!
A16: NOAH Michel Patrick | B16: =#REF! -> #REF! | C16: =prets!#REF! -> #REF! | D16: 0 | E16: =#REF! -> #REF! | F16: =prets!#REF! -> #REF! | G16: =(C16+D16)-E16 -> #REF! | H16: =#REF! -> #REF! | I16: =prets!#REF! -> #REF! | J16: =(F16+G16)-H16 -> #REF! | K16: =#REF! -> #REF! | L16: =prets!#REF! -> #REF! | M16: =(I16+J16)-K16 -> #REF! | N16: =#REF! -> #REF! | O16: =prets!#REF! -> #REF! | P16: =(L16+M16)-N16 -> #REF! | Q16: =#REF! -> #REF! | R16: =prets!#REF! -> #REF! | S16: =(O16+P16)-Q16 -> #REF! | T16: =#REF! -> #REF! | U16: =prets!#REF! -> #REF! | V16: =(R16+S16)-T16 -> #REF! | W16: =#REF! -> #REF! | X16: =prets!#REF! -> #REF! | Y16: =(U16+V16)-W16 -> #REF! | Z16: =#REF! -> #REF! | AA16: =+Y16+Z16 -> #REF! | AB16: =(X16+Y16)-Z16 -> #REF! | AC16: =#REF! -> #REF! | AD16: =prets!#REF! -> #REF! | AE16: =(AA16+AB16)-AC16 -> #REF! | AF16: =#REF! -> #REF! | AG16: =prets!#REF! -> #REF! | AH16: =(AD16+AE16)-AF16 -> #REF! | AI16: =#REF! -> #REF! | AJ16: =prets!#REF! -> #REF! | AK16: =(Tableau478[[#This Row],[PRET JUIN]]+Tableau478[[#This Row],[REPPRE-JUIN]])-Tableau478[[#This Row],[REM JUIL]] -> #REF! | AL16: =B16+E16+H16+K16+N16+Q16+T16+W16+Z16+AC16+AF16 -> #REF! | AM16: =-AL16+AH16 -> #REF! | AN16: =Tableau478[[#This Row],[EP TOTALE]]+Tableau478[[#This Row],[INTERETS]] -> #REF!
A17: NONBO MARC | B17: =#REF! -> #REF! | C17: =prets!#REF! -> #REF! | D17: 0 | E17: =#REF! -> #REF! | F17: =prets!#REF! -> #REF! | G17: =(C17+D17)-E17 -> #REF! | H17: =#REF! -> #REF! | I17: =prets!#REF! -> #REF! | J17: =(F17+G17)-H17 -> #REF! | K17: =#REF! -> #REF! | L17: =prets!#REF! -> #REF! | M17: =(I17+J17)-K17 -> #REF! | N17: =#REF! -> #REF! | O17: =prets!#REF! -> #REF! | P17: =(L17+M17)-N17 -> #REF! | Q17: =#REF! -> #REF! | R17: =prets!#REF! -> #REF! | S17: =(O17+P17)-Q17 -> #REF! | T17: =#REF! -> #REF! | U17: =prets!#REF! -> #REF! | V17: =(R17+S17)-T17 -> #REF! | W17: =#REF! -> #REF! | X17: =prets!#REF! -> #REF! | Y17: =(U17+V17)-W17 -> #REF! | Z17: =#REF! -> #REF! | AA17: =prets!#REF! -> #REF! | AB17: =(X17+Y17)-Z17 -> #REF! | AC17: =#REF! -> #REF! | AD17: =prets!#REF! -> #REF! | AE17: =(AA17+AB17)-AC17 -> #REF! | AF17: =#REF! -> #REF! | AG17: =prets!#REF! -> #REF! | AH17: =(AD17+AE17)-AF17 -> #REF! | AI17: =#REF! -> #REF! | AJ17: =prets!#REF! -> #REF! | AK17: 0 | AL17: =B17+E17+H17+K17+N17+Q17+T17+W17+Z17+AC17+AF17 -> #REF! | AM17: =-AL17+AH17 -> #REF! | AN17: =Tableau478[[#This Row],[EP TOTALE]]+Tableau478[[#This Row],[INTERETS]] -> #REF!
A18: NSOA MBONDO PIERRE | B18: =#REF! -> #REF! | C18: =prets!#REF! -> #REF! | D18: 0 | E18: =#REF! -> #REF! | F18: =prets!#REF! -> #REF! | G18: =(C18+D18)-E18 -> #REF! | H18: =#REF! -> #REF! | I18: =prets!#REF! -> #REF! | J18: =(F18+G18)-H18 -> #REF! | K18: =#REF! -> #REF! | L18: =prets!#REF! -> #REF! | M18: =(I18+J18)-K18 -> #REF! | N18: =#REF! -> #REF! | O18: =prets!#REF! -> #REF! | P18: =(L18+M18)-N18 -> #REF! | Q18: =#REF! -> #REF! | R18: =prets!#REF! -> #REF! | S18: =(O18+P18)-Q18 -> #REF! | T18: =#REF! -> #REF! | U18: =prets!#REF! -> #REF! | V18: =(R18+S18)-T18 -> #REF! | W18: =#REF! -> #REF! | X18: =prets!#REF! -> #REF! | Y18: =(U18+V18)-W18 -> #REF! | Z18: =#REF! -> #REF! | AA18: =prets!#REF! -> #REF! | AB18: =(X18+Y18)-Z18 -> #REF! | AC18: =#REF! -> #REF! | AD18: =prets!#REF! -> #REF! | AE18: =(AA18+AB18)-AC18 -> #REF! | AF18: =#REF! -> #REF! | AG18: =prets!#REF! -> #REF! | AH18: =(AD18+AE18)-AF18 -> #REF! | AI18: =#REF! -> #REF! | AJ18: =prets!#REF! -> #REF! | AK18: 0 | AL18: =B18+E18+H18+K18+N18+Q18+T18+W18+Z18+AC18+AF18 -> #REF! | AM18: =-AL18+AH18 -> #REF! | AN18: =Tableau478[[#This Row],[EP TOTALE]]+Tableau478[[#This Row],[INTERETS]] -> #REF!
A19: NSOE NKOULI | B19: =#REF! -> #REF! | C19: =prets!B32 -> 0 | D19: 0 | E19: =#REF! -> #REF! | F19: =prets!C32 -> 0 | G19: =(C19+D19)-E19 -> #REF! | H19: =#REF! -> #REF! | I19: =prets!D32 -> 200000 | J19: =(F19+G19)-H19 -> #REF! | K19: =#REF! -> #REF! | L19: =prets!E32 -> 400000 | M19: =(I19+J19)-K19 -> #REF! | N19: =#REF! -> #REF! | O19: =prets!F32 -> 400000 | P19: =(L19+M19)-N19 -> #REF! | Q19: =#REF! -> #REF! | R19: =prets!G32 -> 750000 | S19: =(O19+P19)-Q19 -> #REF! | T19: =#REF! -> #REF! | U19: =prets!H32 -> 650000 | V19: =(R19+S19)-T19 -> #REF! | W19: =#REF! -> #REF! | X19: =prets!I32 -> 650000 | Y19: =(U19+V19)-W19 -> #REF! | Z19: =#REF! -> #REF! | AA19: =prets!J32 -> 650000 | AB19: =(X19+Y19)-Z19 -> #REF! | AC19: =#REF! -> #REF! | AD19: =prets!K32 -> 650000 | AE19: =(AA19+AB19)-AC19 -> #REF! | AF19: =#REF! -> #REF! | AG19: =prets!L32 -> 650000 | AH19: =(AD19+AE19)-AF19 -> #REF! | AI19: =#REF! -> #REF! | AJ19: =prets!M32 -> 0 | AK19: 0 | AL19: =B19+E19+H19+K19+N19+Q19+T19+W19+Z19+AC19+AF19 -> #REF! | AM19: =-AL19+AH19 -> #REF! | AN19: =Tableau478[[#This Row],[EP TOTALE]]+Tableau478[[#This Row],[INTERETS]] -> #REF!
A20: NWIND MANDEL | B20: =#REF! -> #REF! | C20: =prets!#REF! -> #REF! | D20: 0 | E20: =#REF! -> #REF! | F20: =prets!#REF! -> #REF! | G20: =(C20+D20)-E20 -> #REF! | H20: =#REF! -> #REF! | I20: =prets!#REF! -> #REF! | J20: =(F20+G20)-H20 -> #REF! | K20: =#REF! -> #REF! | L20: =prets!#REF! -> #REF! | M20: =(I20+J20)-K20 -> #REF! | N20: =#REF! -> #REF! | O20: =prets!#REF! -> #REF! | P20: =(L20+M20)-N20 -> #REF! | Q20: =#REF! -> #REF! | R20: =prets!#REF! -> #REF! | S20: =(O20+P20)-Q20 -> #REF! | T20: =#REF! -> #REF! | U20: =prets!#REF! -> #REF! | V20: =(R20+S20)-T20 -> #REF! | W20: =#REF! -> #REF! | X20: =prets!#REF! -> #REF! | Y20: =(U20+V20)-W20 -> #REF! | Z20: =#REF! -> #REF! | AA20: =prets!#REF! -> #REF! | AB20: =(X20+Y20)-Z20 -> #REF! | AC20: =#REF! -> #REF! | AD20: =prets!#REF! -> #REF! | AE20: =(AA20+AB20)-AC20 -> #REF! | AF20: =#REF! -> #REF! | AG20: =prets!#REF! -> #REF! | AH20: =(AD20+AE20)-AF20 -> #REF! | AI20: =#REF! -> #REF! | AJ20: =prets!#REF! -> #REF! | AK20: 0 | AL20: =B20+E20+H20+K20+N20+Q20+T20+W20+Z20+AC20+AF20 -> #REF! | AM20: =-AL20+AH20 -> #REF! | AN20: =Tableau478[[#This Row],[EP TOTALE]]+Tableau478[[#This Row],[INTERETS]] -> #REF!
A21: OMGBA FOUDA S P | B21: =#REF! -> #REF! | C21: =prets!B26 -> 0 | D21: 0 | E21: 15000 | F21: =prets!C26 -> 0 | G21: =(C21+D21)-E21 -> -15000 | H21: =#REF! -> #REF! | I21: =prets!D26 -> 0 | J21: =(F21+G21)-H21 -> #REF! | K21: =#REF! -> #REF! | L21: =prets!E26 -> 200000 | M21: =(I21+J21)-K21 -> #REF! | N21: =#REF! -> #REF! | O21: =prets!F26 -> 350000 | P21: =(L21+M21)-N21 -> #REF! | Q21: =#REF! -> #REF! | R21: =prets!G26 -> 350000 | S21: =(O21+P21)-Q21 -> #REF! | T21: =#REF! -> #REF! | U21: =prets!H26 -> 0 | V21: =(R21+S21)-T21 -> #REF! | W21: =#REF! -> #REF! | X21: =prets!I26 -> 0 | Y21: =(U21+V21)-W21 -> #REF! | Z21: =#REF! -> #REF! | AA21: =prets!J26 -> 0 | AB21: =(X21+Y21)-Z21 -> #REF! | AC21: =#REF! -> #REF! | AD21: =prets!K26 -> 0 | AE21: =(AA21+AB21)-AC21 -> #REF! | AF21: =#REF! -> #REF! | AG21: =prets!L26 -> 0 | AH21: =(AD21+AE21)-AF21 -> #REF! | AI21: =#REF! -> #REF! | AJ21: =prets!M26 -> 0 | AK21: =(Tableau478[[#This Row],[PRET JUIN]]+Tableau478[[#This Row],[REPPRE-JUIN]])-Tableau478[[#This Row],[REM JUIL]] -> #REF! | AL21: =B21+E21+H21+K21+N21+Q21+T21+W21+Z21+AC21+AF21 -> #REF! | AM21: =-AL21+AH21 -> #REF! | AN21: =Tableau478[[#This Row],[EP TOTALE]]+Tableau478[[#This Row],[INTERETS]] -> #REF!
A22: OMGBA GAETAN | B22: =#REF! -> #REF! | C22: =prets!#REF! -> #REF! | D22: 0 | E22: =#REF! -> #REF! | F22: =prets!#REF! -> #REF! | G22: =(C22+D22)-E22 -> #REF! | H22: =#REF! -> #REF! | I22: =prets!#REF! -> #REF! | J22: =(F22+G22)-H22 -> #REF! | K22: =#REF! -> #REF! | L22: =prets!#REF! -> #REF! | M22: =(I22+J22)-K22 -> #REF! | N22: =#REF! -> #REF! | O22: =prets!#REF! -> #REF! | P22: =(L22+M22)-N22 -> #REF! | Q22: =#REF! -> #REF! | R22: =prets!#REF! -> #REF! | S22: =(O22+P22)-Q22 -> #REF! | T22: =#REF! -> #REF! | U22: =prets!#REF! -> #REF! | V22: =(R22+S22)-T22 -> #REF! | W22: =#REF! -> #REF! | X22: =prets!#REF! -> #REF! | Y22: =(U22+V22)-W22 -> #REF! | Z22: =#REF! -> #REF! | AA22: =prets!#REF! -> #REF! | AB22: =(X22+Y22)-Z22 -> #REF! | AC22: =#REF! -> #REF! | AD22: =prets!#REF! -> #REF! | AE22: =(AA22+AB22)-AC22 -> #REF! | AF22: =#REF! -> #REF! | AG22: =prets!#REF! -> #REF! | AH22: =(AD22+AE22)-AF22 -> #REF! | AI22: =#REF! -> #REF! | AJ22: =prets!#REF! -> #REF! | AK22: 0 | AL22: =B22+E22+H22+K22+N22+Q22+T22+W22+Z22+AC22+AF22 -> #REF! | AM22: =-AL22+AH22 -> #REF! | AN22: =Tableau478[[#This Row],[EP TOTALE]]+Tableau478[[#This Row],[INTERETS]] -> #REF!
A23: ONDOA JEAN | B23: =#REF! -> #REF! | C23: =prets!B24 -> 250000 | D23: 0 | E23: =#REF! -> #REF! | F23: =prets!C24 -> 250000 | G23: =(C23+D23)-E23 -> #REF! | H23: =#REF! -> #REF! | I23: =prets!D24 -> 350000 | J23: =(F23+G23)-H23 -> #REF! | K23: =#REF! -> #REF! | L23: =prets!E24 -> 350000 | M23: =(I23+J23)-K23 -> #REF! | N23: =#REF! -> #REF! | O23: =prets!F24 -> 350000 | P23: =(L23+M23)-N23 -> #REF! | Q23: =#REF! -> #REF! | R23: =prets!G24 -> 450000 | S23: =(O23+P23)-Q23 -> #REF! | T23: =#REF! -> #REF! | U23: =prets!H24 -> 450000 | V23: =(R23+S23)-T23 -> #REF! | W23: =#REF! -> #REF! | X23: =prets!I24 -> 103000 | Y23: =(U23+V23)-W23 -> #REF! | Z23: =#REF! -> #REF! | AA23: =prets!J24 -> 200000 | AB23: =(X23+Y23)-Z23 -> #REF! | AC23: =#REF! -> #REF! | AD23: =prets!K24 -> 0 | AE23: =(AA23+AB23)-AC23 -> #REF! | AF23: =#REF! -> #REF! | AG23: =prets!L24 -> 0 | AH23: =(AD23+AE23)-AF23 -> #REF! | AI23: =#REF! -> #REF! | AJ23: =prets!M24 -> 0 | AK23: =(Tableau478[[#This Row],[PRET JUIN]]+Tableau478[[#This Row],[REPPRE-JUIN]])-Tableau478[[#This Row],[REM JUIL]] -> #REF! | AL23: =B23+E23+H23+K23+N23+Q23+T23+W23+Z23+AC23+AF23 -> #REF! | AM23: =-AL23+AH23 -> #REF! | AN23: =Tableau478[[#This Row],[EP TOTALE]]+Tableau478[[#This Row],[INTERETS]] -> #REF!
A24: SECOURS | B24: 0 | C24: 0 | D24: 0 | E24: 0 | F24: 0 | G24: =(C24+D24)-E24 -> 0 | H24: 0 | I24: =prets!D34 -> 4112000 | J24: =(F24+G24)-H24 -> 0 | K24: 0 | L24: =prets!E34 -> 4622000 | M24: =(I24+J24)-K24 -> 4112000 | N24: 0 | O24: =prets!F34 -> 5647000 | P24: =(L24+M24)-N24 -> 8734000 | Q24: 0 | R24: =prets!G34 -> 6368000 | S24: =(O24+P24)-Q24 -> 14381000 | T24: 0 | U24: 0 | V24: =(R24+S24)-T24 -> 20749000 | W24: 0 | X24: 0 | Y24: =(U24+V24)-W24 -> 20749000 | Z24: 0 | AA24: 0 | AB24: =(X24+Y24)-Z24 -> 20749000 | AC24: 0 | AD24: 0 | AE24: =(AA24+AB24)-AC24 -> 20749000 | AF24: 0 | AG24: 0 | AH24: =(AD24+AE24)-AF24 -> 20749000 | AI24: 0 | AJ24: =prets!M34 -> 0 | AK24: 0 | AL24: =B24+E24+H24+K24+N24+Q24+T24+W24+Z24+AC24+AF24 -> 0 | AM24: =-AL24+AH24 -> 20749000 | AN24: =Tableau478[[#This Row],[EP TOTALE]]+Tableau478[[#This Row],[INTERETS]] -> 20749000
A25: total | B25: =+SUM(B1:B22) -> #REF! | C25: =+SUM(C1:C22) -> #REF! | D25: 0 | E25: =+SUM(E1:E22) -> #REF! | F25: =+SUM(F1:F22) -> #REF! | G25: =(C25+D25)-E25 -> #REF! | H25: =SUM(H1:H22) -> #REF! | I25: =prets!#REF! -> #REF! | J25: =(F25+G25)-H25 -> #REF! | K25: =SUM(K1:K24) -> #REF! | L25: =prets!#REF! -> #REF! | M25: =(I25+J25)-K25 -> #REF! | N25: =SUM(N1:N24) -> #REF! | O25: =prets!#REF! -> #REF! | P25: =(L25+M25)-N25 -> #REF! | Q25: =SUM(Q1:Q24) -> #REF! | R25: =prets!#REF! -> #REF! | S25: =(O25+P25)-Q25 -> #REF! | T25: =SUM(T1:T24) -> #REF! | U25: =SUM(U1:U24) -> #REF! | V25: =(R25+S25)-T25 -> #REF! | W25: =SUM(W1:W24) -> #REF! | X25: =SUM(X1:X24) -> #REF! | Y25: =(U25+V25)-W25 -> #REF! | Z25: =SUM(Z1:Z24) -> #REF! | AA25: =SUM(AA1:AA24) -> #REF! | AB25: =(X25+Y25)-Z25 -> #REF! | AC25: =SUM(AC1:AC24) -> #REF! | AD25: =SUM(AD1:AD24) -> #REF! | AE25: =(AA25+AB25)-AC25 -> #REF! | AF25: =SUM(AF1:AF24) -> #REF! | AG25: =SUM(AG1:AG24) -> #REF! | AH25: =(AD25+AE25)-AF25 -> #REF! | AI25: =SUM(AI1:AI24) -> #REF! | AJ25: =SUM(AJ1:AJ24) -> #REF! | AK25: =SUM(AK1:AK24) -> #REF! | AL25: =+SUM(AL1:AL24) -> #REF! | AM25: =-AL25+AH25 -> #REF! | AN25: =Tableau478[[#This Row],[EP TOTALE]]+Tableau478[[#This Row],[INTERETS]] -> #REF!
